"","p1","o1","mz"
"72.99403",-0.00632489467996677,0.00160110725404847,"72.99403"
"73.02984",0.0298741332204498,0.00521765595381054,"73.02984"
"74.02522",0.00367164865428026,0.00237205492738065,"74.02522"
"75.00922",-0.00748333127373791,-0.00421325798097245,"75.00922"
"80.02805",0.00148685045344885,-0.000231979095430448,"80.02805"
"83.01472",-0.0036846369279792,0.000137139066353664,"83.01472"
"83.05012",0.00611016137870839,0.0021976383944558,"83.05012"
"88.04100",-0.01345993056757,0.00724824520999087,"88.04100"
"89.02566",-0.198723015805279,0.00546299553997813,"89.02566"
"91.02995",-0.0166375055927304,-0.00164545386141692,"91.02995"
"91.05633",0.0187742662839304,0.00209813397762674,"91.05633"
"92.02657",-0.0116317886769996,0.00375681348052246,"92.02657"
"93.03657",-0.00353030265696087,0.00105478489260609,"93.03657"
"96.97024",-0.0314789148300305,0.0301900654956057,"96.97024"
"99.00965",-0.0104659646453785,-0.00346563529237551,"99.00965"
"99.04699",0.0041813687742086,0.0045341890161766,"99.04699"
"101.02600",-0.0176887659960455,0.0122790377442251,"101.02600"
"101.07306",-0.00289361496889881,0.00309038753583717,"101.07306"
"102.05657",-0.0295517691945976,0.00896497097969421,"102.05657"
"102.95803",-0.00352280206488081,0.000127778939799845,"102.95803"
"103.04137",-0.0146616325572278,0.00267069161342504,"103.04137"
"104.03596",-0.0143757607189378,0.00348128824092953,"104.03596"
"106.98098",0.0057862670571634,0.00275672117103901,"106.98098"
"108.02186",-0.0136949959604025,0.00896065126685181,"108.02186"
"109.04122",-0.0155463330627425,0.0023015561407046,"109.04122"
"109.06645",-0.00115493197306508,0.00413632368018605,"109.06645"
"110.02515",-0.0132552287491423,0.00235511342651843,"110.02515"
"111.01014",-0.00968524453174845,0.00308463442889892,"111.01014"
"111.02114",-0.022834430036002,0.00118992863830456,"111.02114"
"113.02579",-0.0226686710644537,0.00882002387963341,"113.02579"
"114.05695",0.00346192001074748,0.00254110378858229,"114.05695"
"114.93623",0.00206600721492925,-0.000838203316852486,"114.93623"
"115.00463",-0.0614360190549085,0.0296453738372476,"115.00463"
"115.02309",0.00737233835914643,0.00249945338812368,"115.02309"
"116.03913",0.0132806218120182,-0.000216953578998496,"116.03913"
"117.02102",0.0525671003752206,0.0193278077022751,"117.02102"
"118.05262",-0.0442322127781567,0.00315520896007518,"118.05262"
"118.99409",0.0136024902148979,0.00271034331699681,"118.99409"
"119.08730",0.00437324514673969,0.0030265732229367,"119.08730"
"120.03949",-0.00690735807141278,0.00386688197315824,"120.03949"
"124.99195",-0.00135110627562939,-0.000948068759400556,"124.99195"
"125.01257",0.0195476903884067,0.00609238651162169,"125.01257"
"125.02454",-0.000183563554412311,0.00308488906820206,"125.02454"
"125.06273",-0.00122510706986893,0.00291868418681167,"125.06273"
"126.00528",0.0159689763387056,0.0049898390048994,"126.00528"
"127.07791",0.00250414319713237,0.00362723074116582,"127.07791"
"128.05521",-0.00637789465449247,0.00258581516134422,"128.05521"
"129.02087",-0.015054292701418,0.00452779659159266,"129.02087"
"129.03895",-0.015843378610928,-0.000389402312365927,"129.03895"
"131.03697",-0.0050022925196542,0.00393672649685576,"131.03697"
"131.04880",-0.00572635512898417,0.00299802068783882,"131.04880"
"131.08016",-0.00213995151580472,0.00138418920965676,"131.08016"
"131.09087",-0.00168269533742564,0.00152662715531041,"131.09087"
"132.03203",-0.0391578028865501,0.00788177834721665,"132.03203"
"133.03365",-3.40167206535189e-05,0.00161368769778866,"133.03365"
"134.04797",-0.0559232477210743,0.00395423603406776,"134.04797"
"135.04614",0.0200021697138607,0.00230188764511642,"135.04614"
"137.05588",0.0082684904851646,0.00119261816794672,"137.05588"
"137.09814",-0.000990856157946639,-0.000296695677939409,"137.09814"
"138.02092",0.0269945476939739,0.026437803841102,"138.02092"
"139.00271",0.00963935110479561,0.000607479529406425,"139.00271"
"139.02517",0.0151632543111651,0.000837381687018701,"139.02517"
"139.07679",0.000121906699708526,0.00141802299181397,"139.07679"
"139.11418",0.00574367423402441,0.000998784025895169,"139.11418"
"139.98342",0.00896210994142791,0.000659453955563839,"139.98342"
"143.00061",-0.0480523224862535,-0.00798769831305798,"143.00061"
"143.03784",-0.018019417381042,0.00619020690407787,"143.03784"
"144.00321",-0.0087243915910938,-0.00196214539868575,"144.00321"
"144.04285",0.00463474923116531,-0.00204677074916735,"144.04285"
"144.06447",-0.0105354033350788,5.12710690361202e-05,"144.06447"
"145.04005",-0.00885607059780896,0.00117332514802949,"145.04005"
"145.06363",-0.123537265525623,0.0338978046102088,"145.06363"
"145.08923",0.00168477764660181,0.00395787153615619,"145.08923"
"145.10226",-0.00934004928826678,0.00152573826495423,"145.10226"
"146.00119",0.000194420257389461,0.000911634552694393,"146.00119"
"146.02619",-0.00409975548442888,0.00180799384820763,"146.02619"
"146.04740",-0.0608943635430604,0.0260229735060156,"146.04740"
"146.98536",-0.0283769508132572,-0.0111226665936432,"146.98536"
"147.03169",0.00108390478489274,-0.00186154873781066,"147.03169"
"147.07125",-0.0117340877354006,0.00153983167992211,"147.07125"
"148.04385",-0.0162544313708753,0.00305184660922631,"148.04385"
"149.04690",-0.0146205901570999,0.00523375871091957,"149.04690"
"150.01937",-0.00505788027080134,-0.000934000371821407,"150.01937"
"151.02795",-0.15264780592358,0.0560698046072318,"151.02795"
"151.11315",-0.00248184355026125,0.00105550949342873,"151.11315"
"152.99766",-0.00693309191962558,0.00320648874249747,"152.99766"
"153.03067",-0.00552114463931233,0.000842855450953347,"153.03067"
"153.09256",0.00413972615530989,0.00519140114061978,"153.09256"
"154.01558",0.000512239534537726,-0.0024285865888832,"154.01558"
"154.06454",-0.0383228761389683,0.0152471964407261,"154.06454"
"154.92916",-0.0224490927447783,0.00245494192185976,"154.92916"
"154.97805",0.00340049941202037,0.00677684060929017,"154.97805"
"156.92640",-0.00533792734522471,-0.00279654813802596,"156.92640"
"156.99307",0.0042588304450347,0.00381981793243714,"156.99307"
"157.03681",-0.0126561344654793,0.000751598024434102,"157.03681"
"159.03253",-0.00151435625236528,0.000427441283980326,"159.03253"
"159.04885",0.00952992786585725,0.000341671279405755,"159.04885"
"159.06803",0.00188737986260472,0.00230787545044235,"159.06803"
"159.07943",-0.0114000805334455,0.00197536513463748,"159.07943"
"160.01034",0.000581931610830163,0.00208318182316332,"160.01034"
"160.06407",-0.0016396060733236,0.000377761303824203,"160.06407"
"160.96150",-0.00844323246608446,-0.00101272945972706,"160.96150"
"161.99656",-0.00244618692231866,-0.00071763875297978,"161.99656"
"162.02847",-0.00694385973831999,0.0027429747968879,"162.02847"
"162.05153",-0.0056881477166889,0.00170984249491877,"162.05153"
"162.98450",-0.00512125072500486,7.33151215026131e-05,"162.98450"
"163.03893",-0.00148916051695718,-0.000210743927679487,"163.03893"
"163.11403",0.00220635985447854,0.00182966071510147,"163.11403"
"164.95737",-0.0176978509280065,0.00279516012041564,"164.95737"
"165.01573",0.00673147960432275,0.00161835013916526,"165.01573"
"165.07313",0.00322661426334708,-0.000998027321295962,"165.07313"
"166.02014",0.0206317150612966,-0.00216853153024407,"166.02014"
"166.04904",-0.00192413995031447,0.00332489517526244,"166.04904"
"167.02308",0.0791817269832602,0.0215615930351959,"167.02308"
"167.11065",5.33157246574821e-05,0.00499092045022353,"167.11065"
"167.99560",0.0170817103354425,-0.00292785948889559,"167.99560"
"168.04541",0.00396064874635372,0.00107163535182221,"168.04541"
"168.99251",-0.0243223018823527,0.00360186528899308,"168.99251"
"169.99249",0.00637321592574163,0.00113279092163603,"169.99249"
"170.04493",-0.000290974004766355,-0.000249708220946164,"170.04493"
"171.00839",0.0396945873164934,0.0224958210599715,"171.00839"
"171.06670",-0.000214086862249868,-7.50135094370083e-05,"171.06670"
"171.10452",0.051321042884592,0.0216718965685248,"171.10452"
"172.00573",-0.000982264315325915,0.00458320055258386,"172.00573"
"172.10645",0.0141864591719777,0.00271653349307723,"172.10645"
"172.90100",-0.0155849120925354,0.00345926165076674,"172.90100"
"173.09168",0.00453627514344282,0.00129009147038512,"173.09168"
"173.11980",0.0159834513193476,0.00461853598088502,"173.11980"
"174.02226",0.00652302571055998,0.00349448754219237,"174.02226"
"175.02712",-0.0741683131559811,0.0505556301826575,"175.02712"
"175.07321",-0.0162828936715024,0.000445136859330833,"175.07321"
"176.93848",0.000158641739894814,0.00137934557749845,"176.93848"
"177.03904",-0.0248536818467675,0.0103796185287497,"177.03904"
"178.01910",-0.00190048267196373,0.00266505014645881,"178.01910"
"178.97482",0.00398336949531461,0.00574272704462009,"178.97482"
"179.01102",0.00286972342465224,0.00227913021415054,"179.01102"
"179.05761",-0.0652537985379374,0.162698122173561,"179.05761"
"179.10810",0.00203264762810186,0.00370577995911738,"179.10810"
"180.04065",0.000383165242692757,0.00339244356768549,"180.04065"
"181.12550",0.00303730833995792,0.00433866147733807,"181.12550"
"181.96855",-0.0034310334378975,0.000510438807078896,"181.96855"
"182.05780",-0.00319483318967137,0.00399656400660276,"182.05780"
"183.00374",0.00566706570489444,0.000708332502833636,"183.00374"
"184.00390",-0.00340168978669174,0.00373854678354036,"184.00390"
"185.04663",0.00257693724336651,0.000818666078947506,"185.04663"
"185.08414",0.00502484409567995,0.000850957058836859,"185.08414"
"186.04712",0.011672907154206,-0.00970564658449562,"186.04712"
"187.04491",0.0405166606508318,-0.0403823823697591,"187.04491"
"187.07490",0.00214072616747204,-0.000309617580997486,"187.07490"
"188.06290",0.12420244971323,0.00164466615402415,"188.06290"
"188.09403",-0.014025214123328,0.00223441679141316,"188.09403"
"188.98628",-0.0186583171913416,0.00267602490275655,"188.98628"
"189.05924",0.360586461332903,-0.00346361270480631,"189.05924"
"189.08779",-0.00941454009472104,0.00177414905116236,"189.08779"
"189.16521",0.00433777476739525,0.00325912371887949,"189.16521"
"190.97001",0.00646335829408611,0.00158466625217036,"190.97001"
"191.02320",-0.0181527622414765,-0.00243873725656867,"191.02320"
"191.10910",0.0106072055511721,0.000860720109031407,"191.10910"
"191.18214",-0.0055331181345068,0.00847833427847467,"191.18214"
"192.99510",-0.00558055272483611,-0.000215791815921783,"192.99510"
"193.03335",-0.00404151553964035,0.00139344624969829,"193.03335"
"193.08481",-0.00174695233436475,0.00322576672409818,"193.08481"
"193.98523",-0.000197057555232774,0.00368512610043978,"193.98523"
"194.08596",0.00252288135280533,0.00196737165368908,"194.08596"
"194.94913",-0.00364520426609096,0.00387983595635253,"194.94913"
"195.05412",-0.00304294561673997,0.0142883928506155,"195.05412"
"195.10337",0.00437458440198737,0.0033920810440786,"195.10337"
"195.14216",-0.00140331404482121,0.0105718722989605,"195.14216"
"196.98675",0.0053196764569509,0.000650418869763715,"196.98675"
"197.08399",0.00348436113724567,0.00124577313681367,"197.08399"
"197.12092",0.0469640358386705,0.0254778835048723,"197.12092"
"198.07822",-0.00104859112436834,0.00435095043963728,"198.07822"
"198.12460",0.0108492549649552,0.0120821747187607,"198.12460"
"199.00374",0.00140549943671788,0.000850199360460919,"199.00374"
"199.10091",0.00569265890510262,0.0126112608813027,"199.10091"
"199.13653",0.0424155675547325,0.0211188935540769,"199.13653"
"199.93996",-0.00855929177905436,0.000531208204502995,"199.93996"
"200.01496",0.00539442480971925,0.00425723730302799,"200.01496"
"200.05869",-0.030883621750299,0.00473856041244152,"200.05869"
"200.13781",0.0172396299883235,0.00399958981123773,"200.13781"
"201.03967",-0.034162681671188,-0.0092856266966489,"201.03967"
"201.08676",0.00113802725079972,0.00127210233812438,"201.08676"
"201.11561",0.0183049559122909,0.00207935559963698,"201.11561"
"202.01099",-0.00236246721695117,0.000952818825811229,"202.01099"
"202.11139",-0.00803203902882272,0.00494191562570603,"202.11139"
"203.02464",-0.0352867084491871,0.000954532934009409,"203.02464"
"203.07957",0.00804371888970313,0.00267652757072556,"203.07957"
"203.09934",-0.00832365657178682,0.00276110424881233,"203.09934"
"203.18375",0.000663282159875676,0.0041538223835237,"203.18375"
"205.01998",-0.0113256156774691,0.000989515110261132,"205.01998"
"205.05342",-0.0033757119967641,0.00210582236382439,"205.05342"
"205.16185",0.00450213233349223,-0.000328758077514259,"205.16185"
"205.19811",-0.000748948443234887,0.00718894208497734,"205.19811"
"206.94932",-0.00138732763062088,0.00321768306891942,"206.94932"
"207.01435",-0.00157271702231092,-0.000886304225854678,"207.01435"
"208.00133",-0.00532823220442414,0.00299459372974434,"208.00133"
"208.07453",-0.00333086767248141,-0.000605825812976591,"208.07453"
"208.98384",-0.0147195680755724,-0.00205652697092334,"208.98384"
"209.06805",-0.0147578771156475,0.00357667231609309,"209.06805"
"209.12245",0.0158911537293182,0.0129121051236012,"209.12245"
"210.05239",0.00547526742128714,0.00247812479247511,"210.05239"
"210.08615",-0.00309682506391616,0.00486136921729074,"210.08615"
"211.00094",-0.0147322457493876,0.00221619506671665,"211.00094"
"211.08403",0.00624377756110498,0.00798976257632783,"211.08403"
"211.17281",0.00662998962428919,-0.00103201142179078,"211.17281"
"212.02654",-0.00257876275650768,0.000329313011811934,"212.02654"
"212.09007",0.00202223335988738,-0.000812977668176712,"212.09007"
"212.93761",-0.00477994176769415,6.33853037237339e-05,"212.93761"
"212.98268",-0.0109387490385801,-0.00146252593758257,"212.98268"
"213.01781",-0.00109605010689577,0.00267804305262414,"213.01781"
"213.05173",-0.000860934930649956,0.00233847071740403,"213.05173"
"213.11439",0.00874812974873401,0.00718552918524652,"213.11439"
"213.15315",0.000451341368958784,0.00469577676999436,"213.15315"
"214.05205",-0.0865400136514286,0.0171977772900662,"214.05205"
"215.09873",-0.00131922321259908,0.00174120183812588,"215.09873"
"215.13279",0.00598917420115512,0.00774682275396043,"215.13279"
"216.93054",0.00419441110440335,0.00714645540284378,"216.93054"
"217.08498",-0.00847860368669621,0.000139647023458839,"217.08498"
"217.11947",-0.00664618301500418,0.00483103474581205,"217.11947"
"217.14460",0.0039114704405817,1.40482482919877e-05,"217.14460"
"218.10617",-0.0238172567783899,0.00970345146962251,"218.10617"
"218.99676",-0.022745460093549,0.00230112007497995,"218.99676"
"219.03732",-0.0161363102043506,0.00200893038466218,"219.03732"
"219.07644",0.00872192514246093,0.00401760719560763,"219.07644"
"219.13852",0.000773557116078369,0.00216061683700506,"219.13852"
"220.99510",-0.0047671942006589,0.000728361273468145,"220.99510"
"221.08487",0.0741590639718149,0.0122518682109491,"221.08487"
"221.12306",-0.00268006844666278,0.0113154569848684,"221.12306"
"221.15622",0.00673803143901774,0.00358797381000411,"221.15622"
"223.09979",0.00169399950526232,0.00194613819157715,"223.09979"
"223.13642",0.00387050007172854,0.00852663413047771,"223.13642"
"223.17381",-0.00518368797103948,0.00629212841923615,"223.17381"
"223.97658",-0.00340583691587367,0.000361939865981932,"223.97658"
"224.03126",0.00100245395364533,0.00151558723263628,"224.03126"
"224.07388",-0.00335112299678576,0.000140626157024255,"224.07388"
"224.96033",-0.00337477274741085,0.00456955093378208,"224.96033"
"225.05819",-0.00134830953184595,0.000499468976264776,"225.05819"
"225.15257",0.00414155624455724,0.00331222837164114,"225.15257"
"225.98849",-0.00413897003397677,0.00186160694388252,"225.98849"
"226.99772",-0.0027493974107292,-0.00474960816679558,"226.99772"
"227.06753",-0.000788248922958353,0.00194177499983523,"227.06753"
"227.10151",0.00781599958139881,0.00207358634324791,"227.10151"
"227.13139",0.0110012951920068,0.00447599121700555,"227.13139"
"227.16572",0.00401031090427298,0.00544479166271053,"227.16572"
"227.20451",0.0643069309865746,0.0493917910396534,"227.20451"
"227.99952",-0.0121766722820573,0.000104859884559171,"227.99952"
"228.06120",-0.00475065523840193,-0.0010682613046524,"228.06120"
"228.90860",-0.00582141368833141,0.000809046124402074,"228.90860"
"228.96577",-0.0107120369873857,0.000144688436280402,"228.96577"
"229.01350",-0.0258009801234614,0.00779900893867061,"229.01350"
"229.10011",0.0013240308742058,-0.000646237000162352,"229.10011"
"229.15364",-0.00249809364255982,-0.000801477648634147,"229.15364"
"229.19404",0.000283834972723795,0.0121666067390837,"229.19404"
"230.06520",-0.000951826779650075,0.00332109632256405,"230.06520"
"230.15658",-0.00319981415932354,0.0019361941841104,"230.15658"
"231.05685",-0.00537670046909,0.000962887766490925,"231.05685"
"231.09934",0.00310696912870001,-0.000335613920671776,"231.09934"
"232.90499",-0.0212372922128203,0.00329612763534815,"232.90499"
"232.98471",-0.00372035138850449,0.00134065586961948,"232.98471"
"233.11950",-0.00210471728112683,0.000766808079909208,"233.11950"
"233.15816",0.0118588007522974,0.0100586240576478,"233.15816"
"234.06663",0.000726228467756352,0.00208203617667884,"234.06663"
"235.13719",-0.00171302871682168,0.00121509463622671,"235.13719"
"235.17216",0.0177557193320119,0.00997254552774632,"235.17216"
"236.02695",0.00171762606658447,0.000849911417179397,"236.02695"
"236.08013",0.000879615803790932,0.00133784760847267,"236.08013"
"236.10454",0.00836837510809718,-0.000605503495937177,"236.10454"
"236.87718",-0.0124558637843051,0.00177018961606658,"236.87718"
"237.11302",0.0104563808685976,0.00612502162018547,"237.11302"
"237.15277",0.00628097195285842,0.00513096044781153,"237.15277"
"238.99623",-0.00316731943881089,0.00439224361482931,"238.99623"
"239.16754",0.000325916500922922,0.000329537546595178,"239.16754"
"240.06263",0.00286954970527239,0.00190186452442693,"240.06263"
"241.10896",0.00945923078361032,0.00421656325194002,"241.10896"
"241.18440",0.0103446485238104,0.00778816370982322,"241.18440"
"242.08268",-0.0414060233801309,0.00200902391125655,"242.08268"
"242.14819",-0.0030708402291695,0.00203533148118782,"242.14819"
"243.06543",-0.226703433254543,0.0261919876127306,"243.06543"
"243.14223",-0.00170070344033132,-0.000275376703962625,"243.14223"
"243.17683",-0.00209388284090371,0.00196983873349365,"243.17683"
"243.19958",0.00550432442220203,0.0058170975438954,"243.19958"
"245.04547",-0.0180369662790698,0.00137116561966863,"245.04547"
"245.07388",-0.00903092914344832,0.00324477299731385,"245.07388"
"246.04907",-0.00730589749808833,0.00237538570904101,"246.04907"
"247.06664",-0.0113783791424515,0.0051395997313085,"247.06664"
"247.13895",0.000760036188533786,0.00591581260626024,"247.13895"
"248.97708",0.00276707317438745,0.00283097788512887,"248.97708"
"249.15245",0.000710239336876677,0.00627277047721945,"249.15245"
"250.04771",-0.00389866859700523,7.55628474476693e-05,"250.04771"
"250.08959",-0.00407320118949869,0.000597879251872403,"250.08959"
"250.14840",0.00397368548439244,0.0143271826243364,"250.14840"
"251.08500",-0.00294415202967843,-0.000203814025042406,"251.08500"
"251.20483",0.0157759098490388,0.0233036562576475,"251.20483"
"251.99967",0.00200767758219796,0.00137251523721797,"251.99967"
"252.10605",0.00257884147608413,0.000109328873008814,"252.10605"
"252.95477",0.00321364484572899,0.000721734015776131,"252.95477"
"253.10760",-0.0110718204677603,0.00494447033525937,"253.10760"
"253.21990",0.156806777333582,0.17357439723382,"253.21990"
"254.08180",-0.0155020586268841,0.00266956638090146,"254.08180"
"254.14742",0.00811482287672718,-0.000715368191249842,"254.14742"
"254.88198",-0.00737273299877105,0.002205115619776,"254.88198"
"254.98179",-0.0248561429197351,0.00208555837106807,"254.98179"
"255.00374",-0.00404605454807798,-0.000765752731405754,"255.00374"
"255.16822",0.00186896758076067,0.00310162576196966,"255.16822"
"255.23560",0.347766708762921,0.456574147082244,"255.23560"
"256.06279",-0.0179038683881862,0.00280846602853223,"256.06279"
"256.09887",0.00562217952697297,0.00243831536805402,"256.09887"
"257.18026",0.000410604911398014,0.00189209383054592,"257.18026"
"259.03503",-0.000502711534715612,0.00302302156789594,"259.03503"
"259.13101",-0.00129020173652877,0.00105819290991049,"259.13101"
"260.04112",-0.00176435161256568,0.00299122405379331,"260.04112"
"261.03505",-0.00952740006361022,0.00383963011321281,"261.03505"
"261.14184",0.0228902111161228,0.00573800771600924,"261.14184"
"261.94027",0.00774936131292263,0.00183856539969353,"261.94027"
"262.09461",-0.00357261746756513,0.000297603746353614,"262.09461"
"263.03630",-0.00630229818661333,-0.00240542851140799,"263.03630"
"263.06374",-0.00177840378416153,0.000215667645761475,"263.06374"
"263.13329",0.00330859711231068,0.00396652955609472,"263.13329"
"263.16468",0.00493186986413047,0.0035720089893654,"263.16468"
"265.02313",-0.0162023190570678,0.00491268528811501,"265.02313"
"265.22190",0.0124920262653639,0.0120624122791394,"265.22190"
"266.02040",-0.0132270112466279,0.00196173648483032,"266.02040"
"266.08791",-0.0183197014979023,0.00161289869482153,"266.08791"
"266.81757",-0.00329215522970191,0.00150338344828409,"266.81757"
"267.07775",-0.2261909442826,0.0240153125871263,"267.07775"
"267.12020",0.00327343854765809,-0.000616044348163435,"267.12020"
"267.23540",0.0239230961564696,0.0411283346876218,"267.23540"
"268.10704",-0.00152507134593776,0.00333677282896355,"268.10704"
"269.09247",-0.12414379682305,0.00216666797542397,"269.09247"
"269.21626",0.0657307016735323,0.0583686726134666,"269.21626"
"269.25119",0.0198217582667219,0.0264358522885737,"269.25119"
"271.00348",0.0144976549675033,-0.000383589405881224,"271.00348"
"271.23011",0.03493187174132,0.0436773286582285,"271.23011"
"272.01003",-0.0179980553776332,-0.000998169023305769,"272.01003"
"272.09269",-0.0450917850720724,0.00453713287453738,"272.09269"
"273.05563",-0.00693261754127551,0.00116217052590512,"273.05563"
"273.09249",0.00269035165304598,0.00488583594210547,"273.09249"
"273.19031",0.00769379572863582,0.00258556116304787,"273.19031"
"273.22751",-0.000591378910426288,0.00373198834765453,"273.22751"
"274.03582",0.00336459513160567,0.00313306433946006,"274.03582"
"274.10432",0.00242736513044343,-0.00069234408469832,"274.10432"
"275.05270",-0.00427710231680032,0.00133263402987344,"275.05270"
"275.94608",-0.00477684414534948,0.00102632360466318,"275.94608"
"276.08043",-0.0197107290059146,-0.00459427071906177,"276.08043"
"277.03708",-0.0227348243712485,0.0124031824808542,"277.03708"
"277.07741",-0.0520591849399094,-0.00568201935024999,"277.07741"
"277.15059",0.00378856635773493,0.00550848450684369,"277.15059"
"277.22185",0.0277025311665907,0.125212898685369,"277.22185"
"278.04222",0.0029483423619015,0.000192495651212365,"278.04222"
"278.12838",-0.0137778151704333,-0.000628104516690611,"278.12838"
"279.09167",0.11543900449982,0.000359015617935975,"279.09167"
"279.15836",0.0036076792656816,0.00486338395994959,"279.15836"
"279.23647",0.261691594697051,0.572169760437141,"279.23647"
"280.04406",-0.0295353331528524,0.00112829605782552,"280.04406"
"280.99546",-0.0161795690867913,0.00415502633082333,"280.99546"
"281.09727",0.00295993877606707,0.0013123849662504,"281.09727"
"281.14260",-0.00311348633223945,0.0024303185590363,"281.14260"
"281.18423",0.00305395755382285,0.00367063978227938,"281.18423"
"281.25299",0.305393300603149,0.63804081588257,"281.25299"
"281.98153",-0.00639719669811188,0.0042109137399395,"281.98153"
"282.04056",-0.0110900165471715,0.00372294837412736,"282.04056"
"282.09229",-0.0133735746536863,0.00135670653168274,"282.09229"
"282.99082",-0.00138358370132664,0.00198013055394587,"282.99082"
"283.02361",-0.00254857147498624,0.00195806759233301,"283.02361"
"283.07075",-0.00233182410232644,0.00797805957254254,"283.07075"
"283.10835",-0.00852887797830277,0.000137379816775925,"283.10835"
"283.19237",0.0089677918087492,0.00912157777467329,"283.19237"
"283.26652",0.111181461038545,0.14362335900576,"283.26652"
"284.07260",0.00355837572712687,0.00437903517587889,"284.07260"
"284.09957",0.0075187781797719,0.00232211249316971,"284.09957"
"285.07064",-0.00216588845150326,0.000273281523966462,"285.07064"
"285.16856",0.00429755080585775,0.00433085293021343,"285.16856"
"285.21264",0.018818201206452,0.0168424239702925,"285.21264"
"285.95217",-0.0105396867085927,0.00409425137429894,"285.95217"
"286.06269",0.0353319250808924,0.000411249205471189,"286.06269"
"287.06994",0.00276580517907967,-0.000650788041719455,"287.06994"
"287.22048",0.00201101077362632,0.0089047741273716,"287.22048"
"287.98689",-0.00751418812563662,-0.000304165397980442,"287.98689"
"288.12116",0.0103220865156611,0.00415767580118471,"288.12116"
"289.03939",-0.00646383886984421,0.000756141502406381,"289.03939"
"289.07380",-0.00381832042545877,0.00299349749481519,"289.07380"
"289.13158",0.00279535307651469,0.00654778934770919,"289.13158"
"289.18120",0.00917549379496207,0.00755984829010548,"289.18120"
"289.22095",-0.00518237705318626,0.0048577870154411,"289.22095"
"290.08485",-0.00354155990418807,0.00172253227223381,"290.08485"
"290.96666",0.00182428552273079,-0.000639788004706035,"290.96666"
"291.10087",-0.00589380778637146,-0.000588672764786884,"291.10087"
"291.23695",0.00613488502049304,0.00923130693567119,"291.23695"
"292.07548",-0.0155507235936457,0.00245888818009383,"292.07548"
"292.13940",-0.00310355194331434,0.00144477570586908,"292.13940"
"292.17043",0.0122006872066425,0.00186656690579899,"292.17043"
"292.20395",-0.00174246347773115,0.00557892342179925,"292.20395"
"293.06571",0.00492528407028108,-0.00263750302973456,"293.06571"
"293.14029",0.00347614492059466,0.00340994595085282,"293.14029"
"293.25125",-0.0016707960526549,0.011665145948461,"293.25125"
"294.06970",-0.011775952772039,-0.00227209861424765,"294.06970"
"295.08009",-0.00956820118569117,0.00179485751141881,"295.08009"
"295.23102",0.153105811887865,0.143195213271471,"295.23102"
"295.26839",0.00366509795016573,0.0164943008283712,"295.26839"
"297.05406",0.00840063363887181,0.000931503683428707,"297.05406"
"297.08925",-0.00170908909416629,0.000601773805698399,"297.08925"
"297.21672",0.00420170349468189,0.0168882268227713,"297.21672"
"297.24896",0.120798523604337,0.155588222850939,"297.24896"
"298.11782",-0.00741003988007798,0.00181045556418909,"298.11782"
"298.99916",-0.00608255475631327,0.00162001838657938,"298.99916"
"299.09585",-0.00477621138089756,-1.32408071557388e-05,"299.09585"
"299.13347",0.00252445154336953,0.000330631044596601,"299.13347"
"299.20268",-0.00570741523974361,0.00855069878029839,"299.20268"
"300.04614",-0.00332096714578352,-0.00108786877045112,"300.04614"
"301.05539",-0.00046101157493958,0.000566357746067943,"301.05539"
"301.09460",-0.00284737499406489,0.00155158470948772,"301.09460"
"301.14139",-0.00212120672888419,-0.00021114085651939,"301.14139"
"302.06909",-0.0872971415103,-0.0074101303139499,"302.06909"
"302.10738",0.00352086365492617,0.00131182186718631,"302.10738"
"303.04699",-0.0221879342305021,0.00283663430957,"303.04699"
"303.16339",0.00224572988047891,0.00772690551305989,"303.16339"
"304.06572",-0.0210753511035732,-0.00267257780713352,"304.06572"
"304.90247",-0.00701823164881515,-0.00108725120028407,"304.90247"
"305.07641",-0.00116228174260146,-0.000116033449988968,"305.07641"
"305.18356",0.00227822874526998,0.00239914833985648,"305.18356"
"305.25031",-0.00594750067296413,0.128054985367742,"305.25031"
"306.07851",-0.0951925525409603,0.0406578272079357,"306.07851"
"306.18350",0.0218280743951834,0.000416528181699705,"306.18350"
"306.94190",-0.00263849407161706,0.0026116642902634,"306.94190"
"307.11949",-0.0125117571791818,0.00161628373639988,"307.11949"
"307.16008",-0.00741587368416431,0.000779458922558832,"307.16008"
"307.19218",0.0180518403424595,0.00828103988163927,"307.19218"
"307.26606",-0.00347503981432787,0.0808925706855364,"307.26606"
"308.19192",0.000943014295225166,0.00268888497365173,"308.19192"
"309.08585",0.00581889618792726,0.000594234141651664,"309.08585"
"309.13754",0.00239440779525702,0.0027470298309836,"309.13754"
"309.17739",0.00385760698805282,0.00270044384387389,"309.17739"
"309.21355",0.0238506078009989,0.0196563574321313,"309.21355"
"309.28412",0.0251952261284059,0.0547378495130177,"309.28412"
"310.04458",0.0018027932011479,0.0054594801356373,"310.04458"
"310.11460",-0.00513081300287361,-0.00231439652889212,"310.11460"
"310.15448",0.000769319352134374,0.0012837761310428,"310.15448"
"310.21628",0.0179306350041493,0.0100362094891638,"310.21628"
"311.11372",-0.000526498666705483,0.00141722957237,"311.11372"
"311.22842",0.0889086221610042,0.0709860544883689,"311.22842"
"312.09080",-0.0112557476478256,-0.000853238743718451,"312.09080"
"313.10380",-0.00639544203856081,-0.00197375119003221,"313.10380"
"313.18529",-0.00244038417331783,0.0022329388634222,"313.18529"
"314.99220",-0.011615606855869,0.002633232056765,"314.99220"
"315.07809",0.000268077346636002,0.00280029209262109,"315.07809"
"315.11423",0.00263034515320219,0.0023119479773195,"315.11423"
"315.19759",-0.000289026918973939,0.00974529524509945,"315.19759"
"316.11724",-0.00586851987973282,0.00145547420072305,"316.11724"
"316.19099",-0.00216279381705663,0.00223717057539174,"316.19099"
"316.24038",0.00514861971650669,0.011200344754998,"316.24038"
"317.17657",0.00131534460488893,0.00325576151725676,"317.17657"
"317.21813",-0.0187434674424949,0.0129942023073064,"317.21813"
"317.25012",-0.00926544801203405,0.0104613708908229,"317.25012"
"318.00629",0.00642811340797574,0.00137991517235294,"318.00629"
"319.23323",0.0268469920250709,0.0446619399015068,"319.23323"
"320.08092",-0.000712803591387618,-0.00215603098436306,"320.08092"
"323.03356",0.0705199106175061,0.0102291195362218,"323.03356"
"323.18460",-0.00122454891165261,0.00065495692336952,"323.18460"
"323.26436",0.0204617108672587,0.0165963038773997,"323.26436"
"324.03124",0.00309246660495111,0.00378916807982655,"324.03124"
"325.03662",-0.0037556210498329,-9.52517989467003e-05,"325.03662"
"325.11964",-0.0200315661171825,0.00888977981266001,"325.11964"
"325.27649",0.012784693796811,0.016310524971524,"325.27649"
"326.07522",-0.00506184902591481,-0.00197299199816449,"326.07522"
"326.11905",-0.00725459858459368,0.0031249095226458,"326.11905"
"327.14525",-0.00202857159658417,0.00328383548197249,"327.14525"
"327.23533",-0.149418526636712,0.171174566908638,"327.23533"
"328.11595",-0.00203794034904208,0.00139431347141645,"328.11595"
"329.17217",8.82984611094417e-05,0.00537666518639279,"329.17217"
"329.25447",-0.0751736471411921,0.159215735417963,"329.25447"
"330.05162",-0.00183279798137469,0.00186585426922268,"330.05162"
"330.17934",0.000773911787228717,0.000778058725208395,"330.17934"
"331.07622",-0.00196741821794356,0.000102458089056594,"331.07622"
"331.16636",-0.00154633187046155,0.00390000530472708,"331.16636"
"331.19255",0.00133678021200599,0.00821502304274176,"331.19255"
"331.26575",-0.0239100824428755,0.128681170784003,"331.26575"
"333.09967",-0.140791165737055,0.00209511550927185,"333.09967"
"333.17928",0.00109228201087826,0.00247002949001088,"333.17928"
"333.21153",-0.00611995374509064,0.00911204228941046,"333.21153"
"334.00411",-0.0127100555273889,0.00500308263634007,"334.00411"
"334.06272",0.0047264783213108,0.00280766256956532,"334.06272"
"334.10342",-0.0378167348431123,0.00162912520144468,"334.10342"
"334.21827",-0.004171409275897,0.00871621286485537,"334.21827"
"335.05975",0.00852534563989713,0.000308014564541246,"335.05975"
"335.10070",-0.00711064669753801,0.000604257481623042,"335.10070"
"335.18454",0.00127181544490361,-0.000178161432379766,"335.18454"
"335.22741",-0.00741875798038243,0.0248522588572211,"335.22741"
"336.10056",0.00299585955661446,-0.00240250409600324,"336.10056"
"337.08568",-0.000617670906369124,0.00178322456033898,"337.08568"
"337.19786",-0.00554467448545523,0.00444534408427236,"337.19786"
"338.24422",0.00543870311276553,0.00891078709368796,"338.24422"
"339.06192",-0.000913493261905663,-0.000199086137663417,"339.06192"
"339.19892",0.00956146777541978,0.00453805475527436,"339.19892"
"339.25976",0.00368263704361431,0.0119996284803196,"339.25976"
"341.00442",-0.0259419570286003,0.00301149882294628,"341.00442"
"341.20825",-0.0230181419914701,0.00756783789172974,"341.20825"
"342.21560",-0.0107558361787426,0.00200795504984208,"342.21560"
"343.23100",-0.00199828564573012,0.0167066509386864,"343.23100"
"344.14128",-0.00208880348764059,0.000329848860201947,"344.14128"
"344.91448",-0.00175726103048428,0.00292672973856072,"344.91448"
"345.15753",0.00520493200831724,0.00129293817810607,"345.15753"
"346.05835",0.167057315061676,0.0240904210308267,"346.05835"
"346.13139",-0.00927673325194334,0.0018353059772683,"346.13139"
"347.04421",0.0294620701181879,0.0136599259375691,"347.04421"
"347.18968",0.00282237269912757,0.00507584472007594,"347.18968"
"347.22940",0.0091899420102092,0.00247626674151451,"347.22940"
"347.26459",0.00311364317190136,0.016607177940647,"347.26459"
"348.04820",0.00693946288268716,0.00444449651030697,"348.04820"
"348.09312",-0.00286121903244022,0.00130399841855915,"348.09312"
"348.15730",0.0100316769831747,0.00333404699009332,"348.15730"
"349.06316",-0.00469161060360616,0.000873601356066132,"349.06316"
"349.15669",-0.00116654534587234,0.00047502404132244,"349.15669"
"349.24412",0.00981620865718167,0.0051154118769414,"349.24412"
"349.98160",-0.00534265907001084,0.000606859787978784,"349.98160"
"350.04307",-0.0083029911411208,0.00123828251527682,"350.04307"
"350.11034",-0.010047633901959,0.00278940435235148,"350.11034"
"350.21050",0.00603663893347941,0.00345666252754552,"350.21050"
"351.06367",-0.00465124925362407,0.00098634825288259,"351.06367"
"351.11503",-0.00769812950786231,0.00103333100809396,"351.11503"
"351.20951",-0.00810501880692101,0.00698856431375997,"351.20951"
"352.21722",0.00207731569230132,0.00714142637548108,"352.21722"
"353.17007",-0.00829683061177725,0.00482259325052214,"353.17007"
"354.07361",-0.0182740805829839,0.000769530034190787,"354.07361"
"354.16326",0.00259496008263787,0.0033291595913025,"354.16326"
"354.22146",0.00837684401641929,0.00244124624532526,"354.22146"
"354.92963",-0.010623816709109,0.00109265038145233,"354.92963"
"355.03664",-0.0052019166468567,0.00138712563589791,"355.03664"
"355.08719",-0.00309429408005377,0.00133804092791448,"355.08719"
"355.18844",-0.0111017709442118,0.0129364918820873,"355.18844"
"355.26673",-0.00726749634059508,0.0142742287933866,"355.26673"
"356.11777",-0.0482316623777146,-0.0103859081287586,"356.11777"
"356.19355",-0.0079730869162961,0.00396490250807248,"356.19355"
"357.09568",-0.0157293220145436,0.00684097830990246,"357.09568"
"357.18863",0.00332353918015457,0.00456314971744194,"357.18863"
"357.28414",-0.00592130035060005,0.0198094697589842,"357.28414"
"358.28444",0.0110714521871136,0.00915634353122863,"358.28444"
"359.11698",-0.0119547174483968,0.00127096283339054,"359.11698"
"359.29803",0.00372895468916633,0.0100046000537898,"359.29803"
"359.99955",0.00106339860916095,0.000521411620624672,"359.99955"
"360.13188",-0.0105411690164111,-0.00251964491670958,"360.13188"
"360.23212",-0.000463230654701458,0.00248536574552235,"360.23212"
"360.89333",-0.00170683553135349,0.00146919245270725,"360.89333"
"360.99218",0.00346464937204115,0.0025430982857027,"360.99218"
"361.18574",-0.00180037891028466,0.00151893815515613,"361.18574"
"361.24541",-0.0100025178352191,0.0128349260363971,"361.24541"
"361.99215",-0.00292213846815781,0.00130500713500989,"361.99215"
"362.05713",0.0159727917434043,0.00664369551477789,"362.05713"
"362.24006",0.000864787370379159,0.00713222268401471,"362.24006"
"363.06209",0.00463766866438506,0.00326241604646696,"363.06209"
"363.20019",-0.0167488197612369,0.00509461289918737,"363.20019"
"363.25667",0.0115736519363101,0.0119964728170015,"363.25667"
"364.07173",-0.00143075644981919,0.00202224986198495,"364.07173"
"364.10861",-0.00693595543103051,-0.00121683185928859,"364.10861"
"364.25878",0.00758302475615874,0.00207203547316246,"364.25878"
"365.05778",-0.0165876151051145,0.000768491231428511,"365.05778"
"365.21128",-0.0069061243507948,0.00951166287116768,"365.21128"
"366.11247",-0.023515770519994,0.00258183825541508,"366.11247"
"366.21107",-0.0111768576183374,0.00648172649948419,"366.21107"
"367.02604",0.00177468106011255,-0.00124217266194845,"367.02604"
"367.11078",-0.0414567176282962,0.0101625541673277,"367.11078"
"367.24711",0.00239634512616898,0.00667852717833788,"367.24711"
"367.36479",0.00585435806449032,0.00565723128772977,"367.36479"
"368.22659",-0.00102663253936221,0.0027998259857983,"368.22659"
"368.25398",-0.00778048819932939,0.00192472229961229,"368.25398"
"369.02746",0.00145382499528963,0.000991045057284319,"369.02746"
"369.17296",-0.00430416202246807,0.00422786545992623,"369.17296"
"369.22685",0.00223042111131169,0.00363856172131622,"369.22685"
"371.18034",0.00621396823828418,0.00490791864130629,"371.18034"
"372.95314",-0.0159091406633318,-0.00111059490760539,"372.95314"
"373.19308",0.00333657928529614,0.00385607159631921,"373.19308"
"374.93171",-0.00856502287645705,0.000729792617374401,"374.93171"
"375.02950",-0.00112112635891361,0.00052065159135591,"375.02950"
"375.15770",0.000132369260858427,0.00381138782422585,"375.15770"
"375.22561",-0.00279176918850486,0.00215119342461568,"375.22561"
"376.10807",-0.0147031985104486,-0.00110389934038363,"376.10807"
"376.22254",-0.00154242774586649,0.000913737651499791,"376.22254"
"377.02824",-0.00177614940554613,0.0012036296442344,"377.02824"
"377.09185",-0.0724694834961029,-0.00359302723847995,"377.09185"
"377.16793",-0.00449384390227751,0.00196287734137939,"377.16793"
"377.22660",0.00903936595543104,0.00843209261531106,"377.22660"
"379.08625",-0.047661575392675,-0.000984755277370554,"379.08625"
"379.17189",-0.0063610261805841,0.00229992513277021,"379.17189"
"379.25272",0.00182865425759871,0.00553999002739787,"379.25272"
"380.06097",-0.000800574464296231,0.000947574658411368,"380.06097"
"381.10900",0.00106689054078465,0.00144800437149761,"381.10900"
"381.19180",-0.00551609956952881,0.00746490738492803,"381.19180"
"381.24562",0.00513353555465169,0.00255182008247145,"381.24562"
"381.98863",-0.00182969260199084,0.00378767484906244,"381.98863"
"382.10190",0.00214242243625939,0.00225420392389742,"382.10190"
"382.24432",0.000101932961932593,0.00325852379871879,"382.24432"
"382.98508",0.0013698819844574,0.00134638404728061,"382.98508"
"383.05906",0.00263826079389479,0.000475776172857979,"383.05906"
"383.11578",-0.00703267054768963,-0.00101934784322221,"383.11578"
"384.02497",0.000632430120862199,0.00252512471845959,"384.02497"
"384.22113",0.0100612189451571,0.00428309255925699,"384.22113"
"384.99492",0.00604244344309677,0.00221637121637281,"384.99492"
"385.17436",-0.00488798923890449,-0.00211176268620001,"385.17436"
"385.23213",0.00565380330514953,0.00237008878557882,"385.23213"
"385.26395",0.00736427070930016,0.00572128184961775,"385.26395"
"386.02100",-0.0174033104279565,0.000543580225572865,"386.02100"
"386.24176",0.00680802226401192,0.00674569432205413,"386.24176"
"387.01830",-0.0112186937776746,0.00164634614547589,"387.01830"
"387.15433",-0.00104526130543925,0.00164063954851341,"387.15433"
"387.19799",0.00130469435762766,0.00148170465380943,"387.19799"
"387.23940",-0.00210067068902925,0.00298137707921721,"387.23940"
"387.28203",0.00839031479166002,0.00879216589030391,"387.28203"
"388.92422",-0.00611371052348432,0.00290834755583629,"388.92422"
"389.02715",0.00157380277550922,0.000282477702290698,"389.02715"
"389.13911",-0.0115212080855224,0.00443721328601381,"389.13911"
"389.25091",-0.0701790615896243,0.0173085899986722,"389.25091"
"390.91768",-0.000984655878692957,0.00183962488020405,"390.91768"
"391.16668",-0.00360233065736922,0.00470083545008623,"391.16668"
"391.25725",-0.0478730201297013,0.0269402505897686,"391.25725"
"393.26732",-0.0215445869164423,0.0237657129257684,"393.26732"
"395.09829",-0.0186653972503271,0.000166351717506191,"395.09829"
"395.23402",0.00149011657205392,0.00716471518625787,"395.23402"
"395.28004",0.00234235393095837,0.000364927234904688,"395.28004"
"396.99733",-0.0022111176669098,0.000921746058119891,"396.99733"
"397.10519",-0.00115169245276054,-0.00114332587505318,"397.10519"
"397.18041",0.000387130173754139,0.00187346250548876,"397.18041"
"399.19367",-0.000644997697033181,0.003323948333743,"399.19367"
"399.26599",-0.000403052983452772,0.00742470832342227,"399.26599"
"400.00639",0.00620345603991374,0.000545999716122849,"400.00639"
"400.95777",-0.00569117853431298,-0.00139699603189753,"400.95777"
"401.15875",0.000183009295963365,0.00283288174911661,"401.15875"
"401.20991",-0.0117151735796831,0.00751395323179806,"401.20991"
"401.25893",0.00442928050252474,0.00317351234996956,"401.25893"
"401.29450",0.01460932894415,0.00640468217464062,"401.29450"
"401.99712",-0.0263479415713986,-0.000534066781983407,"401.99712"
"403.00789",-0.0184612440866072,0.00200841403265341,"403.00789"
"403.17632",-0.00954359313117462,0.000685811571181947,"403.17632"
"403.23092",-0.000867683846062534,0.00170613961005545,"403.23092"
"404.00007",-0.00748839468574376,0.0016439170408034,"404.00007"
"405.19580",0.00270656761632266,0.00530672529369681,"405.19580"
"405.24699",-0.00983095016500129,0.00772069374897686,"405.24699"
"406.01383",0.00189051691745032,0.000150921790252226,"406.01383"
"406.24548",-0.00205262750888061,0.00650615513014561,"406.24548"
"407.21511",0.00243735577412852,0.0096451816565138,"407.21511"
"407.25830",0.00952347415715567,0.0136396413918346,"407.25830"
"408.22321",0.00229909750937081,0.00473322206978129,"408.22321"
"409.24029",0.00514275665686179,0.0101455092584596,"409.24029"
"411.24127",-0.00226285301881474,0.00804946894030484,"411.24127"
"412.97040",0.000160211939676197,0.00320180473152217,"412.97040"
"413.24300",-0.0291906276958971,0.0089647108344729,"413.24300"
"414.24207",-0.00857760031981621,0.00415235739309376,"414.24207"
"415.16502",0.0036398155964887,0.00567590005144718,"415.16502"
"415.24590",-0.0226818918386578,0.0113621274117976,"415.24590"
"417.18307",0.00225327306179876,0.0103216109560591,"417.18307"
"417.26639",-0.00486718449047262,0.00296902631108825,"417.26639"
"419.20288",0.00366458625523805,0.00260918265587334,"419.20288"
"419.97410",-0.0169290548398015,0.00292072393911777,"419.97410"
"421.23898",-0.00466157501820809,0.00544400123142923,"421.23898"
"422.23555",0.000425708745817204,0.00429011804006003,"422.23555"
"423.19941",0.00220397297603724,0.00415843614340791,"423.19941"
"423.24845",-0.00645116008961493,0.00844045814623815,"423.24845"
"424.26140",0.00813222445561475,0.000382627866113483,"424.26140"
"425.26412",0.00277581946456454,0.00550494782947404,"425.26412"
"426.03131",-0.00495334296317263,0.0049436004495804,"426.03131"
"426.28722",0.00374070944536101,0.0042335465185857,"426.28722"
"427.02872",0.00401026257570117,0.000893440275785191,"427.02872"
"427.23371",-0.00392352587217104,0.00241391425435461,"427.23371"
"427.29445",0.0147446851158081,0.0107383207472469,"427.29445"
"428.04773",0.00140237310456605,-0.000742197333649126,"428.04773"
"428.29373",0.00442271197898144,0.00362222331763708,"428.29373"
"429.19940",-0.000944230702956396,0.0034753020514538,"429.19940"
"429.24939",-0.00256813446211674,0.000778286121285679,"429.24939"
"431.09540",0.00593164207080161,0.00501088159710902,"431.09540"
"431.14599",-0.0437338958449266,-0.00271016471880802,"431.14599"
"431.23646",-0.00467022003812339,0.00672136539255007,"431.23646"
"433.28228",-0.00112535607194367,0.00908901735582612,"433.28228"
"434.94933",-0.013112980452205,0.00338642766083617,"434.94933"
"435.22548",-0.00497790993576282,0.00278741872404579,"435.22548"
"435.30090",0.0117220517819116,0.0242269073675254,"435.30090"
"436.29651",-0.00119817271256267,0.00915403864010709,"436.29651"
"437.24879",-0.0244533014079806,0.00585428330572411,"437.24879"
"437.30500",-0.00590754086255472,0.00475164588335,"437.30500"
"438.25015",-0.0143934021918301,0.00628736999240207,"438.25015"
"439.09023",-0.0334051889792315,-0.000849923968194837,"439.09023"
"439.16373",-0.00704473060852243,0.00651717115827939,"439.16373"
"439.25232",-0.0320366697502515,0.0105255040898006,"439.25232"
"440.08219",-0.0120214638855568,0.000519095205728147,"440.08219"
"440.25292",-0.00491828665119477,0.00585247486307877,"440.25292"
"441.26616",-0.00865020356279758,0.00805879073847616,"441.26616"
"442.01068",-0.0147233206354787,0.00458026246538709,"442.01068"
"442.18881",0.00302505677603879,0.00263769064004949,"442.18881"
"442.26572",-0.0110791962598223,0.00168056043165809,"442.26572"
"443.01767",-0.0061964703056832,0.000373942008413306,"443.01767"
"443.28909",-0.00860254383081558,0.00101457498989461,"443.28909"
"445.05846",-0.00136270993686535,0.00132173076956641,"445.05846"
"445.18911",-0.00645264074649564,0.00128832175651889,"445.18911"
"445.24452",-0.000791471958531931,0.0040084654671681,"445.24452"
"447.19805",-0.000803127718025789,0.00179868674683335,"447.19805"
"447.23944",0.00135500294417894,0.00359984283225744,"447.23944"
"448.01008",-0.0160115778453655,0.00268980353045623,"448.01008"
"449.03437",0.00154439210992707,0.00181694953811303,"449.03437"
"449.28228",0.00647103961321278,0.00551328604793402,"449.28228"
"450.92824",-0.00764791519038341,0.00701097398704521,"450.92824"
"452.29078",-0.00420380131355347,0.015028623417676,"452.29078"
"453.02927",-0.00713370040152975,0.00157405449497375,"453.02927"
"453.08018",0.00629412229986242,0.00343296602929771,"453.08018"
"453.23981",-0.00233532810973521,0.00264708931174601,"453.23981"
"454.31266",-0.00277167187958989,0.0110429701225759,"454.31266"
"455.24166",0.000593969666723354,0.0027416282760948,"455.24166"
"455.32357",0.0037561558354034,0.00248180964924975,"455.32357"
"456.03776",-0.00507452401701287,-4.0273199229541e-05,"456.03776"
"457.23035",-0.00307945874771396,0.00233656777242201,"457.23035"
"457.28673",-0.00065770773565855,0.00723287955840178,"457.28673"
"457.33495",0.016329132402635,0.0017229387483073,"457.33495"
"458.28743",0.00355624940064051,0.00156216321761245,"458.28743"
"459.15528",0.00229198072317011,0.000176769903865434,"459.15528"
"459.30005",0.0159318604754928,0.0307669934975145,"459.30005"
"460.29913",-0.0106801471782696,0.0098231963022186,"460.29913"
"461.24762",0.00412062294254787,0.00164045702546123,"461.24762"
"461.31843",0.0159978863636042,0.0505423174951157,"461.31843"
"463.18136",0.00421268099242914,0.00382422543521716,"463.18136"
"463.32930",0.00755752464262325,0.0119256046751966,"463.32930"
"463.99499",-0.014897016679862,0.00707925592370257,"463.99499"
"464.31045",-0.00559218960754022,0.00684873851573348,"464.31045"
"465.30280",-0.00960069957027762,0.0228558288246045,"465.30280"
"466.00132",-0.00503891259194157,0.00138341141781978,"466.00132"
"466.12725",-0.00830794357058671,0.000105269507882284,"466.12725"
"467.30131",0.00253963699513729,0.00516184804003533,"467.30131"
"468.13408",0.00120071052246016,0.000372047159268843,"468.13408"
"469.05293",0.0117282632216024,0.0049504685926946,"469.05293"
"469.13786",-0.00158955564573836,0.00215461993892285,"469.13786"
"469.23863",-0.00691448458894921,0.00375524713170232,"469.23863"
"469.30565",0.011482423514152,0.00770688614972554,"469.30565"
"471.23987",-0.000505809666819268,-0.000560448650902512,"471.23987"
"472.91008",-0.00231560426136173,0.000858549438809483,"472.91008"
"473.26329",-0.0017901160773659,0.00362046960013881,"473.26329"
"475.05326",-0.00556774470276774,0.00160909129424163,"475.05326"
"475.29056",0.0168547555382328,0.0107415374250442,"475.29056"
"476.28757",-0.00423444190940063,0.00897089915945153,"476.28757"
"477.05020",-0.00735147443486849,0.002511134120845,"477.05020"
"477.23827",-0.00374575052008974,0.00247623112753045,"477.23827"
"477.31081",0.0161562576365642,0.0198136480829364,"477.31081"
"479.08812",0.000386752650821052,-0.00115723793425454,"479.08812"
"479.31806",-0.00416880497535478,0.00501421735659151,"479.31806"
"480.30899",-0.0092079314110933,0.0148682845517395,"480.30899"
"481.29290",-0.0208706172017088,0.00907895537380186,"481.29290"
"481.97728",0.0118968421390172,0.00430402650508113,"481.97728"
"482.28603",-0.00353454793474982,0.00566165490107965,"482.28603"
"483.29960",-0.0275176612574645,0.0305589461394395,"483.29960"
"485.23267",-0.000613825927754624,-0.000822006430331575,"485.23267"
"487.18398",-0.0101583324659751,0.000372829185737083,"487.18398"
"487.32091",-0.00357041679505804,0.00623162844280075,"487.32091"
"488.17311",-0.00458421739848198,-0.00201368229543878,"488.17311"
"489.34794",0.00706322221665887,0.00550684776266413,"489.34794"
"490.11396",-0.00410142399762395,-0.000380755995098645,"490.11396"
"491.03417",0.00363789598257598,0.000142319591570994,"491.03417"
"491.29265",0.00850221120470855,0.00655165570501699,"491.29265"
"492.29703",0.000837113723101817,0.00487237913292755,"492.29703"
"493.02888",0.00300981884752706,0.000368741940695533,"493.02888"
"493.30892",-0.00369461456729045,0.00503848496845931,"493.30892"
"495.05319",-0.00966861389482475,0.00448866183071087,"495.05319"
"495.31284",-0.000679765115797154,0.00489957045620355,"495.31284"
"496.27332",-0.00706719744537007,-0.00158087764283851,"496.27332"
"497.17494",0.0180722656982248,0.00166337991128175,"497.17494"
"497.26970",0.00948225887693744,0.00344417982432944,"497.26970"
"498.05432",-0.00051998872815487,0.00112662234793472,"498.05432"
"498.29123",0.00262762801533687,0.00608988150493292,"498.29123"
"499.29929",0.00873189277292967,0.00696785083475565,"499.29929"
"500.28519",-0.0144154973036222,0.0155898862178397,"500.28519"
"501.29451",0.00356722140498604,0.0043847149248251,"501.29451"
"502.22727",0.00113283824666767,0.00316884923146371,"502.22727"
"503.24128",0.000551330964939659,0.00410515422043815,"503.24128"
"504.17593",-0.00665835913049819,-0.00107386661705636,"504.17593"
"504.32039",0.000204114589344849,0.00450869549863438,"504.32039"
"507.29948",-0.0325729570831507,0.014645380808886,"507.29948"
"509.31570",-0.0163066533697511,0.0140462253245788,"509.31570"
"510.25561",-0.00394152553744578,-0.00299362511290119,"510.25561"
"510.32083",-0.00321588743671679,0.0108734256169801,"510.32083"
"512.08850",-0.000295028828996589,0.0015398019724364,"512.08850"
"512.27541",-0.0373414073714406,-0.00895803208921081,"512.27541"
"512.33923",0.00200819406619123,0.00626200236504649,"512.33923"
"513.34075",-0.001072928428179,0.00592664936407202,"513.34075"
"514.28949",-0.0233650228190046,0.0111537305449466,"514.28949"
"517.31668",-0.00190756305814514,0.00297401580503871,"517.31668"
"523.30152",0.00102809328096106,0.00628971550982151,"523.30152"
"524.28495",0.00336585062425551,0.0118241670044675,"524.28495"
"524.96404",-0.0111655984938159,0.000478822398155889,"524.96404"
"525.30691",0.00600798711122437,0.0100469877616574,"525.30691"
"526.29944",-0.00715233296419048,0.006295677317184,"526.29944"
"528.28041",0.00177807027194077,0.00269912217579065,"528.28041"
"529.30722",-0.000168698948157956,0.00548825687324161,"529.30722"
"530.30263",-0.0222094904275322,0.00333626314666743,"530.30263"
"531.29626",-0.0180147265804862,0.00358409984163807,"531.29626"
"537.49234",0.0137733636552882,0.0166172897353398,"537.49234"
"537.93286",-0.0185833405584305,0.000661554715638705,"537.93286"
"539.14372",-0.0484075669805715,-0.0039629476539307,"539.14372"
"539.92014",-0.00622540648752707,0.00173132796359963,"539.92014"
"540.05928",0.00467616602973181,0.00242988924473219,"540.05928"
"540.32488",0.00296521830908729,0.000324649765982524,"540.32488"
"541.05855",-0.00784469766598676,0.00196727399540519,"541.05855"
"541.32532",-0.00597180459067104,0.00317016988414602,"541.32532"
"542.33036",-0.000909872507082304,0.00331480746247845,"542.33036"
"543.33641",0.00726913588969579,0.00800847818753394,"543.33641"
"544.27174",-0.00213163273531631,0.00494570712702035,"544.27174"
"546.33971",-0.0184893180234977,-0.000518091796236807,"546.33971"
"547.31584",-0.00971018677165293,0.00656112040028715,"547.31584"
"548.32242",-0.0102669447427427,0.00276569010638895,"548.32242"
"549.17449",-0.00691334684783949,-0.000983901017895293,"549.17449"
"549.33717",0.00718859356228241,0.00337950490245701,"549.33717"
"557.46220",-0.00430189447820885,0.00961083478598036,"557.46220"
"558.06411",-0.0159348862771092,0.00132398251829609,"558.06411"
"559.10076",-0.00283993584872908,-0.000517034569769428,"559.10076"
"561.97735",-0.00565230902132663,0.00334459989513421,"561.97735"
"565.05211",-0.00333797751157724,0.00298145324350677,"565.05211"
"568.98818",-0.0030346274909413,0.00120259275957223,"568.98818"
"569.36000",0.00802755328966255,0.0036848969192811,"569.36000"
"571.30453",-0.010391814985213,0.00347563117202971,"571.30453"
"572.48232",-0.0219454148153318,-0.000256094933470253,"572.48232"
"573.31536",-0.00775299843774585,0.00396220362299957,"573.31536"
"573.49007",-0.0177492930170249,0.000787506465553095,"573.49007"
"578.30928",-0.0149946006646002,0.00814194273800017,"578.30928"
"580.30525",0.00324615186671124,0.00414641034009391,"580.30525"
"581.47009",-0.00583916609283562,0.00726359472941459,"581.47009"
"583.48622",-0.000491072521710634,0.0125973165258496,"583.48622"
"589.32937",0.000448254174335999,0.00237411554129192,"589.32937"
"590.23502",0.00769512556422811,-4.20034811275053e-06,"590.23502"
"592.31436",-0.0025707621172988,0.00467498738782378,"592.31436"
"592.86823",-0.00358940562486551,0.00338914839647195,"592.86823"
"595.22594",0.00970438810944687,-0.00100127658270846,"595.22594"
"599.32883",-0.0138887381142772,0.0234334911239518,"599.32883"
"599.45379",-0.00155801247883557,0.00331999070588215,"599.45379"
"599.92317",-0.0160634588103092,0.00464790946414759,"599.92317"
"601.14408",-0.0246222221887166,0.00102330421649527,"601.14408"
"602.14338",-0.0163369756280236,-0.00174367692037214,"602.14338"
"602.32754",-0.00178758992398956,0.00273076793703921,"602.32754"
"605.46719",-0.0114892319125723,0.00724428352372856,"605.46719"
"607.07739",-0.00310114287586615,0.00270075781546585,"607.07739"
"609.51452",-0.00599062303630239,0.0355504348628343,"609.51452"
"611.52904",0.0120120808328639,0.0349602317944531,"611.52904"
"612.23029",0.00545411639829183,-0.00271080219918823,"612.23029"
"613.08241",-0.00902905993639853,-0.000146738580761971,"613.08241"
"615.22613",0.00888556337865209,-0.00321795627456875,"615.22613"
"619.29701",-0.00601276809187049,0.00832193842320039,"619.29701"
"621.33088",-0.00536430429520734,0.00334386569977646,"621.33088"
"622.35960",-0.00116974807859059,0.00328287878371776,"622.35960"
"623.37170",-0.00282172568485912,0.00233523745238295,"623.37170"
"623.46795",0.00735682974739517,0.00593508826789748,"623.46795"
"625.51639",0.00428815897002432,0.00776213704549347,"625.51639"
"626.53658",-0.0172354362179743,0.00275406480333074,"626.53658"
"627.48248",-0.0265246986945605,0.0194217475399648,"627.48248"
"628.20172",0.00100970799176655,0.00170139532631388,"628.20172"
"629.20320",0.00100548414633843,0.00250514080814256,"629.20320"
"629.48699",0.0118726426958181,0.0234970865467778,"629.48699"
"630.48819",-0.00645163233209382,0.00954841518414886,"630.48819"
"631.19851",0.00596472794894761,-0.00369947129455891,"631.19851"
"632.19592",0.00517958394150167,0.000428063625119729,"632.19592"
"633.13028",0.00170850989018895,-0.00100014377322613,"633.13028"
"633.38091",-0.00200070408939803,0.00277921854772852,"633.38091"
"633.51323",-0.00384818672322924,0.0357336448072339,"633.51323"
"635.37672",0.000660555875642171,0.00259390041408669,"635.37672"
"635.53039",0.00989967146016452,0.0542576556998137,"635.53039"
"636.53303",-0.000566818553126006,0.029774703121124,"636.53303"
"637.54256",0.00172973379907152,0.0415657111613856,"637.54256"
"639.55838",0.00153816927516547,0.0136589693957661,"639.55838"
"640.31075",-0.00363394971497534,0.00451336554803568,"640.31075"
"641.09783",0.00211679060381144,0.00131955405543045,"641.09783"
"641.49380",0.00330031041950749,0.0045276722818356,"641.49380"
"643.47932",0.00347756154350021,0.00633857666419424,"643.47932"
"645.49404",0.0046369722484563,0.00522714494539349,"645.49404"
"648.38048",0.00633650903001633,-0.000977007271351431,"648.38048"
"649.10982",-0.00489352635018307,0.00253596891849657,"649.10982"
"651.12186",-0.00961435854629712,-0.000512482727698242,"651.12186"
"651.49041",-0.0449434558871324,0.0157755305375093,"651.49041"
"652.24612",0.0191136089801406,-0.00203273240065056,"652.24612"
"653.24858",0.0170730086865416,0.00192983260843861,"653.24858"
"653.49351",-0.0154880470897425,0.028289942853225,"653.49351"
"654.25875",0.000502827478599679,-0.00108067102055983,"654.25875"
"655.21643",0.0100245311706178,0.000326863881702992,"655.21643"
"655.50290",-0.0101663875590082,0.0346451969944391,"655.50290"
"656.58043",-0.00185049305874236,0.00689087061789616,"656.58043"
"661.53163",0.00840285434383883,0.0132888441571637,"661.53163"
"662.11596",0.00797366958616666,0.00113387697519315,"662.11596"
"663.11358",0.00191224072690685,0.000151056322591979,"663.11358"
"663.52654",-0.0045657199287425,0.00685464686930035,"663.52654"
"665.23110",-0.00797434017584272,-8.347372746314e-05,"665.23110"
"665.50997",0.00239414728217169,0.00989561342352337,"665.50997"
"666.16163",0.00297402128253307,0.00101582082538636,"666.16163"
"667.16320",0.00533939566498546,-0.000144371211735749,"667.16320"
"668.15894",-0.00093628541908657,-2.07251048429838e-05,"668.15894"
"669.50211",0.000842209323196546,0.00759751060812619,"669.50211"
"670.17634",-0.00486882298217095,-0.000468490624058308,"670.17634"
"670.48485",0.00550010426334193,0.00457791816315944,"670.48485"
"670.59474",0.0071770188858117,0.00643210489045688,"670.59474"
"671.07798",-0.00569652008730745,-0.00150988713057425,"671.07798"
"671.48662",0.0076920679738042,0.00716427682772015,"671.48662"
"672.49974",0.000868428009641204,0.00514496824435022,"672.49974"
"673.09667",-0.00844650309743737,0.000813204416092031,"673.09667"
"673.48451",-0.00123448093190763,0.00937279237763106,"673.48451"
"674.40205",0.000209018753943914,0.00227857059091513,"674.40205"
"675.15014",0.00552801830396729,0.000212721359614747,"675.15014"
"675.22844",0.00934701367390185,0.00262204012460961,"675.22844"
"678.51471",-0.0153079822094809,0.00591815217489784,"678.51471"
"679.28496",0.029902433769765,0.00618996838027296,"679.28496"
"680.50607",-0.00856124289230424,0.00975020355317094,"680.50607"
"680.58049",-0.0244556635587973,0.00487257014047232,"680.58049"
"681.28212",0.00907612715446037,0.00140656963898187,"681.28212"
"681.51658",-0.009633862004294,0.0169128829315721,"681.51658"
"682.26106",0.0108416101492472,-4.54185667589624e-06,"682.26106"
"682.59684",-0.00717986529506573,0.0150222080778909,"682.59684"
"683.26949",0.00509796623247951,-0.00242275527119534,"683.26949"
"684.53944",-0.0064982218617364,0.0107079301659379,"684.53944"
"684.60960",-0.0133005478648772,0.016203058088618,"684.60960"
"685.54943",-0.00249608238555204,0.0142367075148306,"685.54943"
"686.14727",-0.011638879217435,0.00240504740287781,"686.14727"
"687.06704",-0.0101748029025914,0.000491335515647217,"687.06704"
"687.16280",-0.00261225298885612,-9.09264735203632e-05,"687.16280"
"688.41153",0.00149273571686578,0.000876246148668414,"688.41153"
"689.06627",-0.00459909834580452,0.00141937216364366,"689.06627"
"689.42555",0.0035690629359717,0.00223310849734055,"689.42555"
"689.51325",-0.00580494752223889,0.00481635469069069,"689.51325"
"691.20790",0.00846274783221068,-0.000599605791885591,"691.20790"
"691.47620",-0.00601687306579889,0.00324318848897583,"691.47620"
"691.52367",0.00759498423234661,0.00483819062124287,"691.52367"
"692.20923",-0.00669652203309549,0.000626667985439649,"692.20923"
"693.46557",0.0068472096771895,0.00396389895826388,"693.46557"
"695.48115",0.0178642354246116,0.00984133492499596,"695.48115"
"697.49358",0.00857808125889143,0.00526521393853865,"697.49358"
"699.48108",-0.0426682241153717,0.00860901463288462,"699.48108"
"700.50013",-0.0280108905783544,0.00750845653601333,"700.50013"
"701.20007",-0.015574174150958,0.000157490298009946,"701.20007"
"701.26650",0.0146622088550529,0.00012405866441485,"701.26650"
"702.27078",-0.00327234559641205,0.000994029382210975,"702.27078"
"702.50530",-0.0156400071385592,0.0127194167254438,"702.50530"
"703.50439",-0.0242735249100091,0.01369376480602,"703.50439"
"705.50931",-0.031874391029343,0.0130902799920963,"705.50931"
"707.53461",-0.00950337036961946,0.00902792361626852,"707.53461"
"708.14881",0.000217013067463045,-0.00134723765088984,"708.14881"
"709.54177",-0.00427627488892777,0.00863081702943914,"709.54177"
"711.48359",-0.00191617419041446,0.00283250831225654,"711.48359"
"713.17939",0.00318061683126362,0.00198148704930741,"713.17939"
"713.51549",0.00508807483123844,0.0035343805835477,"713.51549"
"714.51493",-0.0223238742280418,0.0207654134620959,"714.51493"
"716.52642",-0.00237013195747886,0.00882341664418991,"716.52642"
"717.24050",0.00974298359044829,0.00484976286983253,"717.24050"
"717.47152",-0.00403419889238258,0.00456930395617258,"717.47152"
"718.24478",0.0125112803019274,0.000758423034750148,"718.24478"
"718.47400",0.000847442918359735,0.0020316118316323,"718.47400"
"719.24053",-0.000598577421707074,0.00111519153679849,"719.24053"
"719.48235",-0.00252357638439289,0.00311022336223439,"719.48235"
"723.31450",-0.0070721620061976,-0.00015691433506866,"723.31450"
"723.98869",-0.00734778000140641,0.00496623212083107,"723.98869"
"724.10067",-0.00128073616884509,-0.000974729692574716,"724.10067"
"724.49645",-0.0233817277192568,0.00716675031474339,"724.49645"
"725.49361",-0.000879900714472791,0.0082241037468668,"725.49361"
"726.28489",0.00158504869410001,0.00148759881033299,"726.28489"
"727.02298",-0.00825720008912845,0.00137949507819534,"727.02298"
"727.51047",-0.0104120521174059,0.0070745994998272,"727.51047"
"728.45742",0.00291921749162457,0.00246530428312351,"728.45742"
"729.17032",0.000694377814753967,-0.00041906431323637,"729.17032"
"729.28037",0.00276712655530002,0.000594677420486341,"729.28037"
"730.15754",-0.00128394316413664,-8.63276535408445e-05,"730.15754"
"730.29718",0.00454927548120438,1.82485119933219e-05,"730.29718"
"730.51815",-0.00630328428536489,0.00157024583808503,"730.51815"
"731.53502",-0.00797482491663506,0.00434915168504937,"731.53502"
"733.47411",0.0039863739184882,0.00156990209785433,"733.47411"
"733.55315",0.00450094971410919,0.00679061448682339,"733.55315"
"737.33839",0.00401943595299112,0.000502191953924438,"737.33839"
"738.51239",-0.0696409252368873,0.0524994193040395,"738.51239"
"738.66713",-0.0181805233490436,0.00865658470423111,"738.66713"
"739.29325",0.00412753006646465,0.00550467221869422,"739.29325"
"740.21859",-0.00174609249586068,0.000755888037404487,"740.21859"
"740.52184",-0.0334916226520549,0.0185866435658642,"740.52184"
"742.53727",-0.0233937077311214,0.0104692016318788,"742.53727"
"743.54642",-0.014332698908877,0.0094314708600564,"743.54642"
"745.50641",0.0103919122200119,0.00915046548933835,"745.50641"
"747.52206",-0.0140121354147815,0.018288470605527,"747.52206"
"748.16288",-0.00409354528317916,-0.00284557654901978,"748.16288"
"748.25621",0.00156702012424421,0.00107727100276995,"748.25621"
"749.52052",-0.0149466891442992,0.00329744771392355,"749.52052"
"750.53849",-0.0139265990854896,0.00171586805898022,"750.53849"
"751.55860",-0.00740583851503427,0.00297028263796071,"751.55860"
"752.52937",-0.00115748225509544,0.0108666702473959,"752.52937"
"753.53070",-0.0108965435168352,0.00882585396854687,"753.53070"
"755.52728",0.00365095578682261,0.00693527107705034,"755.52728"
"760.49874",-0.0128214670335675,0.00730983592112471,"760.49874"
"761.50432",-0.00400232390127579,0.00488745829315887,"761.50432"
"762.51405",-0.0467171280253594,0.0779119364521079,"762.51405"
"763.21143",-0.0124065496541088,-0.000868471247519949,"763.21143"
"764.37337",0.00512539649631279,-0.00245693321079364,"764.37337"
"764.52578",-0.0351900853901727,0.0570522122528472,"764.52578"
"765.13053",-0.00283689268931344,-0.00107949450212921,"765.13053"
"765.37779",-4.16624669465072e-05,-0.000752878024875888,"765.37779"
"766.54384",-0.0402303763150913,0.0815266150187711,"766.54384"
"767.54382",-0.0338871877415213,0.0527026540601123,"767.54382"
"769.32196",0.00512639918090944,-0.000323161731786899,"769.32196"
"769.56295",-0.00626846751941026,0.0100777059584313,"769.56295"
"775.53683",-0.00979677973735518,0.00420636644091211,"775.53683"
"776.54624",-0.00622290956204786,0.0108127780469597,"776.54624"
"779.54476",-0.00546201973966056,0.00358126325386521,"779.54476"
"782.51608",-0.00248606140663785,0.0101708479307155,"782.51608"
"790.54346",-0.0323211006536201,0.0407493709134006,"790.54346"
"791.17308",-0.00433711206837297,0.000260949731429204,"791.17308"
"792.54305",-0.0561171015551292,0.0231840705579579,"792.54305"
"794.54400",-0.0320360307783436,0.0204122534464446,"794.54400"
"796.53231",-0.0166672091598338,0.0108700075994078,"796.53231"
"797.54582",-0.00269265554290873,0.00739782383531915,"797.54582"
"798.54245",0.000435879374173296,0.00526116493199583,"798.54245"
"799.22997",0.00578727344995983,0.000645167501416361,"799.22997"
"799.54221",0.00145310383337045,0.00257750740473855,"799.54221"
"802.54829",-0.00453332463017846,-0.000920080879782405,"802.54829"
"803.54906",0.000603208246709375,0.00571992988208087,"803.54906"
"804.53665",0.000127015995570616,0.00640208123587656,"804.53665"
"805.58260",-0.00154652479131168,0.00433569988802919,"805.58260"
"806.52693",-0.00403469435123083,0.00689183087661091,"806.52693"
"807.27908",-0.00416610953320921,0.000187704037199152,"807.27908"
"807.51206",0.00486341494234515,0.004467342549222,"807.51206"
"808.52691",-0.00191349610266802,0.00735743526029405,"808.52691"
"809.52380",-0.00139802429748066,0.00674904765689926,"809.52380"
"811.37495",-0.00455242334226663,0.00178506013544793,"811.37495"
"813.51669",-0.00588615005268869,0.00426122588920615,"813.51669"
"814.51712",-0.00760166349298371,0.0118093647124769,"814.51712"
"815.21881",0.00141332652925239,0.00296494312820589,"815.21881"
"819.54236",-0.030382275969083,0.0173266948611432,"819.54236"
"821.56261",-0.0136256272655909,0.0122774005409734,"821.56261"
"822.56590",-0.00822036495257458,0.0105416944978291,"822.56590"
"823.56414",-0.0113278534627749,0.0077294944330283,"823.56414"
"826.56930",0.00951722069543658,0.00923192952834818,"826.56930"
"827.13855",-0.00312005679397003,0.000443581134824965,"827.13855"
"827.54217",0.000478496912698136,0.00680906955799837,"827.54217"
"828.57382",0.00351080791915708,0.00741126288528167,"828.57382"
"829.58228",-0.00180464151426663,0.00200133307025025,"829.58228"
"830.51679",-0.00369121835768535,0.00768145310168127,"830.51679"
"830.59880",-0.000376041746547661,0.00594741186975812,"830.59880"
"833.51672",-0.00769846340765436,0.0113353733475932,"833.51672"
"834.53263",-0.00739036124130966,0.0219305693089033,"834.53263"
"836.45609",-0.00654684459053707,0.00283177850430214,"836.45609"
"837.20979",0.00721289682617854,8.99639100249812e-06,"837.20979"
"839.52911",0.00038606745177153,0.00382094250356334,"839.52911"
"843.53677",-0.0165040740923929,0.0201227235149033,"843.53677"
"846.56509",-0.0133510930160797,0.0246323014263339,"846.56509"
"847.55953",-0.0191011976212322,0.0172275769331803,"847.55953"
"848.49220",-0.00421702163148039,0.00402124768349851,"848.49220"
"849.49233",0.00203451228398631,0.00363169482159506,"849.49233"
"852.55975",0.00431328072049179,0.00870479435040737,"852.55975"
"853.58378",-0.00456131819143173,0.00493341651609643,"853.58378"
"854.60637",0.00375802227637792,0.00953526797656502,"854.60637"
"855.60261",0.0097347740887417,0.00800171730001112,"855.60261"
"856.55620",-0.01299709747691,0.00829638220855892,"856.55620"
"857.52563",0.00718423979662767,0.0383428768298982,"857.52563"
"859.52898",-0.015472651440056,0.0123079980162962,"859.52898"
"860.55901",-0.00632873979075604,0.0048302690736598,"860.55901"
"861.35608",-0.00139118978506429,0.00102209897120967,"861.35608"
"861.54006",-0.00845523287648759,0.0129205964264211,"861.54006"
"862.35809",0.00259099828491271,-0.000388025258766661,"862.35809"
"863.53334",0.00100536830932768,0.00665581578291681,"863.53334"
"865.51216",-0.0248702592963266,0.0186943380178537,"865.51216"
"866.51847",-0.0160662882186568,0.011070002044315,"866.51847"
"867.52505",-0.0224132717495628,0.00774978189986885,"867.52505"
"871.57649",-0.0174976013805665,0.0167756446801399,"871.57649"
"872.57816",-0.010090218433517,0.0104992367686341,"872.57816"
"874.49085",0.00687904179620436,0.00418157235608605,"874.49085"
"874.61037",-0.00419633240630986,0.00782794776102449,"874.61037"
"878.55311",0.00214539948319224,0.0108063862120806,"878.55311"
"879.53641",-0.0048184012303063,0.0103191861567877,"879.53641"
"880.56876",-0.00466714522920156,0.00479675403587013,"880.56876"
"881.54779",0.0065119028067334,0.0124744581660987,"881.54779"
"883.33671",0.00380288767483576,0.00163004135851571,"883.33671"
"884.55033",0.00334233401457168,0.017709304868075,"884.55033"
"885.55754",0.0399824286085748,0.110457206679317,"885.55754"
"886.55797",9.53862264146449e-05,0.0684557027555842,"886.55797"
"890.54481",-0.00321303765475867,0.00490907564999419,"890.54481"
"892.47366",-0.000963441286281284,0.00122389689749166,"892.47366"
"892.58199",-0.00198426198338262,0.00703795099187672,"892.58199"
"894.58657",-0.00640491619108181,0.0159045598629605,"894.58657"
"895.59559",-0.0101502933225285,0.00905257940992682,"895.59559"
"895.74899",-0.00319539332529238,0.0125054185795639,"895.74899"
"896.38695",-0.0048756141427308,-0.00137721479608596,"896.38695"
"897.61952",-0.00996942702272952,0.00551193396194777,"897.61952"
"897.76881",-0.00228076980754194,0.0109226080654216,"897.76881"
"899.31531",-0.000108368803486792,0.00179191619923913,"899.31531"
"900.32036",-0.0027846410450977,-0.00103646621894035,"900.32036"
"900.52398",-0.00506970447011623,0.00443533621776196,"900.52398"
"901.32998",0.00411647386655282,-0.000727436284492616,"901.32998"
"901.56228",0.00694138394576581,0.00579368182623231,"901.56228"
"902.53074",0.00537686077991058,0.0130915436050523,"902.53074"
"904.54694",-0.00537912821078599,0.0100293964344408,"904.54694"
"906.57368",0.00501430827257757,0.0181004400086422,"906.57368"
"907.56862",0.00276792147411462,0.0133066197825157,"907.56862"
"908.58397",-0.00450321147508381,0.00429816403397225,"908.58397"
"909.56312",-0.00741154116393362,0.0199776203380257,"909.56312"
"910.55344",-0.00546039773488818,0.0150661949641058,"910.55344"
"911.56848",-0.00570561196221222,0.0243976111212824,"911.56848"
"912.57728",0.0111259814829313,0.0128215267131564,"912.57728"
"913.58458",0.00116155193872666,0.00892103656742545,"913.58458"
"914.56951",0.00796626860791109,0.0068489639130645,"914.56951"
"917.53257",-0.00295646495022899,0.00276829822311904,"917.53257"
"919.58212",-0.00845335253303574,0.0095073005750915,"919.58212"
"919.74551",-0.0103975526905256,0.010594607518452,"919.74551"
"920.60102",-0.00545648155425465,0.0119301325455753,"920.60102"
"921.76659",-0.000218676052946689,0.0102007424901787,"921.76659"
"922.60916",0.000191286880476375,0.0119782145789204,"922.60916"
"923.62474",-0.0122955762006649,0.00561313469810247,"923.62474"
"923.77718",-0.00634037599585269,0.0131058294635021,"923.77718"
"924.60310",-0.0102580785290786,0.00416690879372194,"924.60310"
"925.54071",-0.00852548783470125,-0.00020707000757334,"925.54071"
"926.60642",0.00247939346745265,0.00634651817811646,"926.60642"
"927.62343",0.00238423466314476,0.00749102215741855,"927.62343"
"928.58529",-0.00190149331150186,0.0069780958557991,"928.58529"
"929.56068",0.00374257453849522,0.00695496495911273,"929.56068"
"931.55973",-0.000515685578319363,0.00504582668353111,"931.55973"
"933.61578",0.0094548474674169,0.00817649097157101,"933.61578"
"934.57369",0.00745071868612852,0.00409159650471516,"934.57369"
"937.26500",-0.00218363720409558,0.00053945560698511,"937.26500"
"944.57408",-0.0196713822474189,0.0208335719222568,"944.57408"
"945.75399",-0.00676152494109652,0.00939008586385747,"945.75399"
"947.61492",-0.0047195824920266,0.0200040258767213,"947.61492"
"947.77786",-0.00481393799574455,0.00668707926523953,"947.77786"
"949.53780",0.00469253307730373,0.00415474140544807,"949.53780"
"952.58926",0.00193487214930506,0.00304294393780251,"952.58926"
"956.58669",0.00382738652000115,0.0029700792213652,"956.58669"
"957.59526",-0.00361877070316773,0.00558207835289386,"957.59526"
"958.60543",-0.00209054327832733,0.00466375350962761,"958.60543"
"959.49265",-0.0102750127707774,0.00522409084289504,"959.49265"
"961.48371",-0.00648297963004092,0.00412778511138419,"961.48371"
"965.54183",-0.00727110336474597,0.00276643437211455,"965.54183"
"972.61592",-0.0109336127350226,0.00809271166023536,"972.61592"
"974.60019",-0.00345695762263962,0.00244084945349076,"974.60019"
"981.54583",-0.00296675136894859,0.00121037387091848,"981.54583"
"998.59900",0.00434311845404679,0.00396962840667192,"998.59900"
"1021.48436",3.72143054655019e-05,0.00517740564413979,"1021.48436"
"1036.79940",0.0116569860643871,0.00998816710051738,"1036.79940"
"1065.85148",-0.0121548121348924,0.00666221749669411,"1065.85148"
"1074.54343",-0.0028041306536055,0.0020357340679026,"1074.54343"
"1088.63955",-0.00233714695400394,0.00305813115357387,"1088.63955"
"1112.53073",0.000323522791840277,0.00399058659859651,"1112.53073"
"1149.50041",-0.000882171971386154,0.000101344971006169,"1149.50041"
