"","mz","VIP"
"189.05924","189.05924",11.8554370903975
"255.23560","255.23560",11.4339465842202
"281.25299","281.25299",10.0407848085757
"279.23647","279.23647",8.60395098182127
"243.06543","243.06543",7.45360289233111
"267.07775","267.07775",7.43675317272727
"89.02566","89.02566",6.5336568754823
"346.05835","346.05835",5.49254534372529
"253.21990","253.21990",5.15552602045688
"295.23102","295.23102",5.03384490449582
"151.02795","151.02795",5.0187864886126
"327.23533","327.23533",4.91261356883278
"333.09967","333.09967",4.62896139280834
"188.06290","188.06290",4.08355411793742
"269.09247","269.09247",4.08162571594714
"145.06363","145.06363",4.06168405309761
"297.24896","297.24896",3.97163912341662
"279.09167","279.09167",3.79542773338408
"283.26652","283.26652",3.65544732902226
"306.07851","306.07851",3.12976065144555
"311.22842","311.22842",2.92315627416355
"302.06909","302.06909",2.87017367629729
"214.05205","214.05205",2.84528066820415
"167.02308","167.02308",2.60335338018253
"329.25447","329.25447",2.47157489286695
"175.02712","175.02712",2.43852131184106
"221.08487","221.08487",2.43821721522962
"377.09185","377.09185",2.38266683498261
"323.03356","323.03356",2.31856837013756
"389.25091","389.25091",2.30736186451214
"738.51239","738.51239",2.28966890495857
"269.21626","269.21626",2.16110775684062
"179.05761","179.05761",2.14542803580684
"227.20451","227.20451",2.11429672642094
"115.00463","115.00463",2.01990628349603
"146.04740","146.04740",2.00209762029319
"792.54305","792.54305",1.84502980151566
"134.04797","134.04797",1.83865623461613
"117.02102","117.02102",1.72831212025922
"277.07741","277.07741",1.71161277034931
"171.10452","171.10452",1.68734398147619
"539.14372","539.14372",1.59155411136619
"356.11777","356.11777",1.58577068304397
"143.00061","143.00061",1.57987430858456
"391.25725","391.25725",1.57397916820572
"379.08625","379.08625",1.56702724391925
"197.12092","197.12092",1.5440933925761
"762.51405","762.51405",1.53597550585063
"272.09269","272.09269",1.48253714030083
"651.49041","651.49041",1.47766034233613
"118.05262","118.05262",1.45427594264661
"431.14599","431.14599",1.4378921742956
"699.48108","699.48108",1.40285479629185
"199.13653","199.13653",1.39454790104941
"367.11078","367.11078",1.36302263262981
"242.08268","242.08268",1.3613558965362
"187.04491","187.04491",1.33211524271693
"766.54384","766.54384",1.32270272645165
"885.55754","885.55754",1.31455064989989
"171.00839","171.00839",1.3050869436984
"132.03203","132.03203",1.28743843294518
"154.06454","154.06454",1.2599875367178
"334.10342","334.10342",1.24334651733596
"512.27541","512.27541",1.22771860131018
"286.06269","286.06269",1.16165042228926
"203.02464","203.02464",1.16016378041524
"764.52578","764.52578",1.15698698727278
"271.23011","271.23011",1.14849738492182
"201.03967","201.03967",1.12320779292411
"767.54382","767.54382",1.11415004588647
"740.52184","740.52184",1.10114457414471
"439.09023","439.09023",1.09830278977249
"507.29948","507.29948",1.07094049543638
"790.54346","790.54346",1.06265990707187
"439.25232","439.25232",1.05330832834375
"794.54400","794.54400",1.05328732009172
"705.50931","705.50931",1.04797289461801
"96.97024","96.97024",1.03497034542532
"200.05869","200.05869",1.0153981750476
"819.54236","819.54236",0.998914823599041
"679.28496","679.28496",0.983138471413482
"73.02984","73.02984",0.982208000034191
"102.05657","102.05657",0.971609248171542
"280.04406","280.04406",0.971068860553536
"347.04421","347.04421",0.96866010317727
"413.24300","413.24300",0.959735562446489
"146.98536","146.98536",0.932983323722968
"700.50013","700.50013",0.920947918760329
"277.22185","277.22185",0.910809613528669
"483.29960","483.29960",0.904731421991885
"138.02092","138.02092",0.887532384845087
"319.23323","319.23323",0.882681018702429
"627.48248","627.48248",0.872084591176013
"401.99712","401.99712",0.866273133512909
"341.00442","341.00442",0.85292508880533
"229.01350","229.01350",0.848290020633621
"309.28412","309.28412",0.828373914094039
"865.51216","865.51216",0.817689586623891
"254.98179","254.98179",0.817225465441953
"177.03904","177.03904",0.817144549770204
"601.14408","601.14408",0.809534570724281
"680.58049","680.58049",0.804058421254963
"437.24879","437.24879",0.803980757966382
"168.99251","168.99251",0.79967372816495
"703.50439","703.50439",0.798070028666798
"267.23540","267.23540",0.786548558817662
"331.26575","331.26575",0.786120691220369
"309.21355","309.21355",0.78416527150595
"218.10617","218.10617",0.783068749609427
"366.11247","366.11247",0.77315642135168
"742.53727","742.53727",0.76914321545036
"724.49645","724.49645",0.768749334114721
"514.28949","514.28949",0.768200106910487
"341.20825","341.20825",0.756795286514574
"261.14184","261.14184",0.752589148438861
"111.02114","111.02114",0.750755166420339
"218.99676","218.99676",0.747829994044791
"277.03708","277.03708",0.747480310542593
"415.24590","415.24590",0.745739983665524
"113.02579","113.02579",0.745305308286188
"154.92916","154.92916",0.738085966368289
"867.52505","867.52505",0.736908236195831
"714.51493","714.51493",0.733969005786259
"530.30263","530.30263",0.730208271270355
"303.04699","303.04699",0.729499542116036
"572.48232","572.48232",0.721525938062454
"306.18350","306.18350",0.717667995187705
"393.26732","393.26732",0.708347434571791
"232.90499","232.90499",0.698244135037094
"304.06572","304.06572",0.692919801378168
"481.29290","481.29290",0.68618851733369
"166.02014","166.02014",0.678333842796135
"323.26436","323.26436",0.672744409349108
"325.11964","325.11964",0.658602020293671
"135.04614","135.04614",0.657635519197157
"269.25119","269.25119",0.651703913906058
"276.08043","276.08043",0.648053470648068
"944.57408","944.57408",0.646759819693088
"125.01257","125.01257",0.642693052883007
"652.24612","652.24612",0.628421233556272
"847.55953","847.55953",0.628013170302314
"285.21264","285.21264",0.618708754990009
"91.05633","91.05633",0.617264253418595
"317.21813","317.21813",0.616251642668468
"395.09829","395.09829",0.613684834562421
"188.98628","188.98628",0.613452054902341
"537.93286","537.93286",0.610986957484533
"546.33971","546.33971",0.607895664916714
"403.00789","403.00789",0.606972644148117
"266.08791","266.08791",0.602318977313814
"201.11561","201.11561",0.601834168866126
"354.07361","354.07361",0.60081904333176
"738.66713","738.66713",0.597743049027286
"191.02320","191.02320",0.59683031352661
"497.17494","497.17494",0.594183731342167
"307.19218","307.19218",0.593512182223465
"245.04547","245.04547",0.593023149656508
"143.03784","143.03784",0.592446173316895
"531.29626","531.29626",0.592291948195166
"272.01003","272.01003",0.591743828901072
"310.21628","310.21628",0.589527167761064
"256.06279","256.06279",0.588647129363338
"695.48115","695.48115",0.587344068497916
"235.17216","235.17216",0.583776253709874
"573.49007","573.49007",0.583564967981699
"164.95737","164.95737",0.58187364422012
"101.02600","101.02600",0.581574947927042
"871.57649","871.57649",0.575289797718288
"386.02100","386.02100",0.572189680057937
"200.13781","200.13781",0.566808160330808
"626.53658","626.53658",0.566670276672164
"167.99560","167.99560",0.561616044955352
"653.24858","653.24858",0.561329950322888
"419.97410","419.97410",0.556597005642601
"475.29056","475.29056",0.554154177666334
"363.20019","363.20019",0.550671199034372
"796.53231","796.53231",0.547987988613026
"91.02995","91.02995",0.547011388521462
"365.05778","365.05778",0.545371078635303
"843.53677","843.53677",0.542624399746894
"602.14338","602.14338",0.537130501487627
"457.33495","457.33495",0.536872630282932
"509.31570","509.31570",0.536133559938408
"175.07321","175.07321",0.535352383610174
"148.04385","148.04385",0.534416594137424
"265.02313","265.02313",0.532703234585053
"280.99546","280.99546",0.53195525630427
"477.31081","477.31081",0.531188817568242
"219.03732","219.03732",0.530532981720025
"866.51847","866.51847",0.528230784229669
"599.92317","599.92317",0.52813775835026
"448.01008","448.01008",0.526432005134221
"461.31843","461.31843",0.525981853733374
"173.11980","173.11980",0.525507255329292
"362.05713","362.05713",0.525156787562038
"126.00528","126.00528",0.525031343888384
"558.06411","558.06411",0.523910523713466
"459.30005","459.30005",0.523811040775092
"372.95314","372.95314",0.523064054039138
"209.12245","209.12245",0.522472675860769
"129.03895","129.03895",0.520901915526432
"251.20483","251.20483",0.518683663462313
"357.09568","357.09568",0.517151938896186
"702.50530","702.50530",0.514215425723852
"172.90100","172.90100",0.512403999277853
"701.20007","701.20007",0.512050954988889
"292.07548","292.07548",0.51127994266102
"109.04122","109.04122",0.511135589867728
"254.08180","254.08180",0.50967992570582
"653.49351","653.49351",0.509219251457241
"859.52898","859.52898",0.508713070066933
"678.51471","678.51471",0.503299040664409
"139.02517","139.02517",0.498540646554534
"129.02087","129.02087",0.49495818396054
"578.30928","578.30928",0.492995616689779
"749.52052","749.52052",0.491420371704891
"463.99499","463.99499",0.4897872300304
"209.06805","209.06805",0.485212570337872
"427.29445","427.29445",0.484778841008118
"211.00094","211.00094",0.484369856917318
"442.01068","442.01068",0.484076415155582
"208.98384","208.98384",0.483953037706156
"376.10807","376.10807",0.483414835720412
"701.26650","701.26650",0.482067169257549
"103.04137","103.04137",0.482048221617125
"149.04690","149.04690",0.480698821001924
"401.29450","401.29450",0.480328572487337
"271.00348","271.00348",0.476656932127143
"500.28519","500.28519",0.473955735271233
"438.25015","438.25015",0.473229287564658
"104.03596","104.03596",0.472649267529288
"743.54642","743.54642",0.471233472331965
"172.10645","172.10645",0.466425371676947
"188.09403","188.09403",0.461123923243917
"747.52206","747.52206",0.460693918728987
"750.53849","750.53849",0.457881637405069
"599.32883","599.32883",0.456636836475132
"278.12838","278.12838",0.452989888728503
"537.49234","537.49234",0.452843530882551
"108.02186","108.02186",0.450266941419924
"821.56261","821.56261",0.447986222963822
"118.99409","118.99409",0.44722551817215
"88.04100","88.04100",0.442538412271729
"282.09229","282.09229",0.439699184474191
"846.56509","846.56509",0.43896002849105
"684.60960","684.60960",0.437298194438572
"116.03913","116.03913",0.436643061505247
"110.02515","110.02515",0.435808183073194
"266.02040","266.02040",0.434880442123987
"434.94933","434.94933",0.431131313816033
"856.55620","856.55620",0.427321289117989
"760.49874","760.49874",0.421546874669625
"325.27649","325.27649",0.420337836500621
"334.00411","334.00411",0.417883863868376
"157.03681","157.03681",0.416111035917616
"307.11949","307.11949",0.411364169303001
"718.24478","718.24478",0.411348490432896
"265.22190","265.22190",0.410715452191884
"236.87718","236.87718",0.409526494576447
"763.21143","763.21143",0.407905134290073
"923.62474","923.62474",0.404256525878251
"292.17043","292.17043",0.401136745687266
"227.99952","227.99952",0.400347177974162
"1065.85148","1065.85148",0.399628455483743
"440.08219","440.08219",0.395244203853027
"611.52904","611.52904",0.394935705884178
"359.11698","359.11698",0.393049700532428
"481.97728","481.97728",0.391146864006341
"629.48699","629.48699",0.390351229651657
"233.15816","233.15816",0.389896131337617
"294.06970","294.06970",0.387172238115479
"147.07125","147.07125",0.385795790685036
"469.05293","469.05293",0.385604291102213
"435.30090","435.30090",0.38540007008897
"401.20991","401.20991",0.385173927117564
"186.04712","186.04712",0.383784282740935
"1036.79940","1036.79940",0.383260825820061
"686.14727","686.14727",0.382665505119022
"92.02657","92.02657",0.382432380847638
"314.99220","314.99220",0.381900351548167
"363.25667","363.25667",0.380520948928264
"389.13911","389.13911",0.378796689033721
"605.46719","605.46719",0.377745369731826
"469.30565","469.30565",0.377521521784624
"159.07943","159.07943",0.374814232043368
"247.06664","247.06664",0.374100729171542
"823.56414","823.56414",0.372439535307964
"205.01998","205.01998",0.372365960934657
"312.09080","312.09080",0.370068825243522
"387.01830","387.01830",0.368850560351083
"366.21107","366.21107",0.367475062354589
"524.96404","524.96404",0.367104882503787
"912.57728","912.57728",0.36580234613424
"355.18844","355.18844",0.365006346978717
"282.04056","282.04056",0.364619883454459
"442.26572","442.26572",0.364264131783989
"253.10760","253.10760",0.364021628949966
"358.28444","358.28444",0.36400952054184
"227.13139","227.13139",0.361702884183765
"212.98268","212.98268",0.359646478670216
"972.61592","972.61592",0.359477606207623
"753.53070","753.53070",0.358258836699233
"198.12460","198.12460",0.356704073800378
"682.26106","682.26106",0.356452725950659
"342.21560","342.21560",0.353632631409248
"228.96577","228.96577",0.352192592435455
"460.29913","460.29913",0.351144112621756
"354.92963","354.92963",0.349292067675485
"191.10910","191.10910",0.348745922550701
"360.13188","360.13188",0.346574759549647
"285.95217","285.95217",0.346526023923178
"144.06447","144.06447",0.346385194272944
"99.00965","99.00965",0.344102174510253
"237.11302","237.11302",0.343787077092854
"727.51047","727.51047",0.342329627140057
"919.74551","919.74551",0.341852911950612
"745.50641","745.50641",0.341667463381388
"571.30453","571.30453",0.341664266475333
"241.18440","241.18440",0.340113517692731
"288.12116","288.12116",0.339371719270077
"959.49265","959.49265",0.337824018840572
"548.32242","548.32242",0.337558756527463
"924.60310","924.60310",0.337267251300294
"687.06704","687.06704",0.334529297836004
"655.50290","655.50290",0.334252616409655
"487.18398","487.18398",0.333987779376232
"895.59559","895.59559",0.333723466736651
"872.57816","872.57816",0.331748311971398
"384.22113","384.22113",0.330794860728015
"350.11034","350.11034",0.330348208836511
"348.15730","348.15730",0.329823573923416
"655.21643","655.21643",0.329588632403663
"361.24541","361.24541",0.328864873358458
"897.61952","897.61952",0.327776906704661
"635.53039","635.53039",0.325483468729652
"405.24699","405.24699",0.323224035614591
"349.24412","349.24412",0.322739361237392
"775.53683","775.53683",0.322100573147884
"717.24050","717.24050",0.320331852178708
"855.60261","855.60261",0.320061938464626
"547.31584","547.31584",0.319253551511078
"595.22594","595.22594",0.319062901882308
"111.01014","111.01014",0.318433495330965
"495.05319","495.05319",0.31788670977198
"139.00271","139.00271",0.316924601641249
"681.51658","681.51658",0.316744129846942
"651.12186","651.12186",0.316102891075878
"465.30280","465.30280",0.315653808405609
"295.08009","295.08009",0.314585319720315
"339.19892","339.19892",0.314363937249156
"403.17632","403.17632",0.31377625095728
"159.04885","159.04885",0.313326961506159
"261.03505","261.03505",0.313243851895205
"407.25830","407.25830",0.313114775121711
"826.56930","826.56930",0.312909172499433
"707.53461","707.53461",0.312453798590497
"497.26970","497.26970",0.311759690518744
"241.10896","241.10896",0.311002568050135
"933.61578","933.61578",0.310858452463581
"189.08779","189.08779",0.309533218234019
"675.22844","675.22844",0.307313070447543
"145.10226","145.10226",0.30708409392007
"346.13139","346.13139",0.305002376035623
"317.25012","317.25012",0.304631337557639
"480.30899","480.30899",0.302740294722626
"347.22940","347.22940",0.302148835437973
"289.18120","289.18120",0.301673803995312
"681.28212","681.28212",0.298406806806906
"377.22660","377.22660",0.297198164416815
"245.07388","245.07388",0.296920777147934
"613.08241","613.08241",0.296859320967616
"283.19237","283.19237",0.294844934652866
"139.98342","139.98342",0.294658125030745
"615.22613","615.22613",0.292141411130505
"145.04005","145.04005",0.29117174131369
"213.11439","213.11439",0.287622839502563
"499.29929","499.29929",0.287088996816194
"144.00321","144.00321",0.286842371390962
"219.07644","219.07644",0.286761278976967
"441.26616","441.26616",0.284403201880617
"443.28909","443.28909",0.28283623524474
"697.49358","697.49358",0.282031949688804
"414.24207","414.24207",0.282016137273303
"374.93171","374.93171",0.281602613460037
"680.50607","680.50607",0.281478334350497
"199.93996","199.93996",0.281414185241003
"283.10835","283.10835",0.280414233939012
"925.54071","925.54071",0.280302772088651
"335.05975","335.05975",0.280298096978142
"491.29265","491.29265",0.279537478179571
"217.08498","217.08498",0.278761305264977
"691.20790","691.20790",0.278239993165036
"861.54006","861.54006",0.27799291487906
"919.58212","919.58212",0.277931092553787
"673.09667","673.09667",0.277705895377661
"160.96150","160.96150",0.277598362876006
"661.53163","661.53163",0.27627080252795
"297.05406","297.05406",0.276197789725596
"387.28203","387.28203",0.275858524508836
"354.22146","354.22146",0.275415629543132
"236.10454","236.10454",0.275137187004091
"203.09934","203.09934",0.273666921614641
"466.12725","466.12725",0.273150306274895
"350.04307","350.04307",0.272987479263141
"353.17007","353.17007",0.272784932090943
"137.05588","137.05588",0.271853159480989
"727.02298","727.02298",0.271481951478788
"822.56590","822.56590",0.270270878155301
"424.26140","424.26140",0.267372976462151
"254.14742","254.14742",0.26680084371204
"351.20951","351.20951",0.266478503454485
"203.07957","203.07957",0.264463071955652
"202.11139","202.11139",0.264079059046847
"569.36000","569.36000",0.263931575976571
"731.53502","731.53502",0.262197961500321
"665.23110","665.23110",0.262182024091169
"662.11596","662.11596",0.26215997630355
"356.19355","356.19355",0.262140819161683
"914.56951","914.56951",0.261916645392589
"541.05855","541.05855",0.2579196105381
"227.10151","227.10151",0.25697606891097
"368.25398","368.25398",0.255808518264279
"573.31536","573.31536",0.254904704133601
"261.94027","261.94027",0.254785121982979
"833.51672","833.51672",0.253111690008549
"351.11503","351.11503",0.253100711981353
"590.23502","590.23502",0.253001947694289
"273.19031","273.19031",0.252958225081558
"671.48662","671.48662",0.252901419596853
"450.92824","450.92824",0.25144975514923
"814.51712","814.51712",0.249929082168833
"691.52367","691.52367",0.249709480040675
"364.25878","364.25878",0.249316273881311
"463.32930","463.32930",0.248477875815281
"284.09957","284.09957",0.247203961506043
"287.98689","287.98689",0.247053048746198
"404.00007","404.00007",0.246205006634843
"75.00922","75.00922",0.24603853071593
"934.57369","934.57369",0.244966287239763
"335.22741","335.22741",0.243915476471836
"307.16008","307.16008",0.243820645977542
"909.56312","909.56312",0.243678200471274
"298.11782","298.11782",0.243628840946683
"751.55860","751.55860",0.243490707588083
"834.53263","834.53263",0.242981842545578
"254.88198","254.88198",0.242402257500543
"115.02309","115.02309",0.242389282456428
"385.26395","385.26395",0.242124032577477
"623.46795","623.46795",0.241879387075728
"477.05020","477.05020",0.241703313990442
"723.98869","723.98869",0.241581847634404
"246.04907","246.04907",0.240204825930815
"965.54183","965.54183",0.239060857137782
"543.33641","543.33641",0.238996170081595
"355.26673","355.26673",0.238942264643359
"326.11905","326.11905",0.23851820952405
"837.20979","837.20979",0.237147130389181
"549.33717","549.33717",0.236348082595909
"857.52563","857.52563",0.236204938578146
"682.59684","682.59684",0.23606111280089
"670.59474","670.59474",0.235967527962124
"526.29944","526.29944",0.235155899068136
"453.02927","453.02927",0.234543293776077
"335.10070","335.10070",0.23378532927468
"723.31450","723.31450",0.232520021543927
"496.27332","496.27332",0.232356795674729
"489.34794","489.34794",0.232226097273764
"439.16373","439.16373",0.231618126314035
"383.11578","383.11578",0.231221613111679
"304.90247","304.90247",0.230746887974666
"162.02847","162.02847",0.228301672746927
"901.56228","901.56228",0.228220273121532
"348.04820","348.04820",0.228157112007852
"364.10861","364.10861",0.22804179327872
"152.99766","152.99766",0.227947646151861
"273.05563","273.05563",0.227932049441254
"469.23863","469.23863",0.227335870442261
"549.17449","549.17449",0.227298463552104
"120.03949","120.03949",0.227101563308226
"365.21128","365.21128",0.227061000783723
"874.49085","874.49085",0.226170574889729
"693.46557","693.46557",0.225123991823244
"386.24176","386.24176",0.223835579856958
"945.75399","945.75399",0.222306831149483
"221.15622","221.15622",0.221534406874599
"165.01573","165.01573",0.221318994283217
"692.20923","692.20923",0.220169651945222
"504.17593","504.17593",0.218914924052064
"217.11947","217.11947",0.218514595180284
"211.17281","211.17281",0.217982185493597
"836.45609","836.45609",0.215248525684564
"174.02226","174.02226",0.214465403567088
"881.54779","881.54779",0.214099702408783
"684.53944","684.53944",0.213649897437877
"961.48371","961.48371",0.213148760156363
"449.28228","449.28228",0.212756193785898
"289.03939","289.03939",0.21251944623943
"190.97001","190.97001",0.212503645769145
"445.18911","445.18911",0.212151271997949
"630.48819","630.48819",0.212118117138341
"423.24845","423.24845",0.212102590651354
"318.00629","318.00629",0.211344857032332
"894.58657","894.58657",0.210582174083722
"281.98153","281.98153",0.210328370979367
"313.10380","313.10380",0.21027068091567
"128.05521","128.05521",0.209693754352331
"169.99249","169.99249",0.20953992612993
"379.17189","379.17189",0.209139149139222
"923.77718","923.77718",0.208460208046749
"648.38048","648.38048",0.208333069135226
"860.55901","860.55901",0.208077630461932
"72.99403","72.99403",0.207951210105219
"730.51815","730.51815",0.207240699031802
"263.03630","263.03630",0.207208277870811
"453.08018","453.08018",0.206939469356272
"237.15277","237.15277",0.206507109497151
"769.56295","769.56295",0.206095986119008
"211.08403","211.08403",0.205284224506077
"539.92014","539.92014",0.204680216506773
"776.54624","776.54624",0.204598122068649
"371.18034","371.18034",0.204304147355918
"400.00639","400.00639",0.203958525099325
"443.01767","443.01767",0.203728846668265
"291.23695","291.23695",0.201704032781556
"333.21153","333.21153",0.201213119186081
"388.92422","388.92422",0.201007853240373
"83.05012","83.05012",0.200891163716145
"298.99916","298.99916",0.199983507411264
"384.99492","384.99492",0.198664719266269
"350.21050","350.21050",0.198473877385088
"691.47620","691.47620",0.197824011053564
"619.29701","619.29701",0.197689046862213
"525.30691","525.30691",0.197531856780614
"609.51452","609.51452",0.196960957093728
"215.13279","215.13279",0.19691332198874
"541.32532","541.32532",0.196342240302485
"631.19851","631.19851",0.196109572995861
"305.25031","305.25031",0.195543171013085
"431.09540","431.09540",0.195021768574445
"357.28414","357.28414",0.194681751334744
"437.30500","437.30500",0.194229364009068
"291.10087","291.10087",0.193777845058116
"813.51669","813.51669",0.193526072488521
"316.11724","316.11724",0.192946423974823
"367.36479","367.36479",0.192480808851414
"581.47009","581.47009",0.191981324030032
"228.90860","228.90860",0.191397656761924
"309.08585","309.08585",0.191314885857115
"689.51325","689.51325",0.190856278709326
"799.22997","799.22997",0.190275186864499
"106.98098","106.98098",0.190242098471656
"139.11418","139.11418",0.188841722724436
"131.04880","131.04880",0.188272301566726
"299.20268","299.20268",0.1876495919271
"911.56848","911.56848",0.187590303391277
"671.07798","671.07798",0.187291378826642
"199.10091","199.10091",0.187164430070567
"400.95777","400.95777",0.187115758130133
"162.05153","162.05153",0.18701611027441
"183.00374","183.00374",0.186322971481444
"385.23213","385.23213",0.185886927528872
"561.97735","561.97735",0.185837798152821
"256.09887","256.09887",0.184847194336042
"464.31045","464.31045",0.183861179492704
"192.99510","192.99510",0.183478579629367
"475.05326","475.05326",0.183057474801075
"337.19786","337.19786",0.182298967371264
"191.18214","191.18214",0.181919015247834
"675.15014","675.15014",0.181751341952754
"153.03067","153.03067",0.181525348168639
"381.19180","381.19180",0.181359475309147
"243.19958","243.19958",0.18097232955263
"670.48485","670.48485",0.180833578287004
"210.05239","210.05239",0.180016987399437
"779.54476","779.54476",0.179581427352237
"910.55344","910.55344",0.179528098740098
"920.60102","920.60102",0.179399341734181
"612.23029","612.23029",0.179321579641776
"338.24422","338.24422",0.178814818416637
"200.01496","200.01496",0.177359027108516
"904.54694","904.54694",0.176856102329588
"902.53074","902.53074",0.176781553263045
"231.05685","231.05685",0.176776282530358
"621.33088","621.33088",0.176368718532851
"349.98160","349.98160",0.17565706229186
"667.16320","667.16320",0.175549767378912
"156.92640","156.92640",0.175501491654727
"208.00133","208.00133",0.1751827327878
"196.98675","196.98675",0.174901435132987
"345.15753","345.15753",0.171128843152633
"355.03664","355.03664",0.171029703467887
"223.17381","223.17381",0.17043037725194
"289.22095","289.22095",0.17038727662059
"632.19592","632.19592",0.17029544411046
"316.24038","316.24038",0.169277395845077
"409.24029","409.24029",0.169084628943845
"381.24562","381.24562",0.168781455616838
"310.11460","310.11460",0.168691942990071
"769.32196","769.32196",0.168546824428406
"764.37337","764.37337",0.168513857954532
"162.98450","162.98450",0.168377552418404
"683.26949","683.26949",0.167612000003331
"713.51549","713.51549",0.167286788444594
"456.03776","456.03776",0.166841261940407
"900.52398","900.52398",0.166682803869557
"326.07522","326.07522",0.16642453093218
"150.01937","150.01937",0.166294045371515
"466.00132","466.00132",0.165670422058977
"185.08414","185.08414",0.165207875096538
"906.57368","906.57368",0.164861476101068
"131.03697","131.03697",0.164466419663424
"435.22548","435.22548",0.163664763970759
"426.03131","426.03131",0.16285704590789
"263.16468","263.16468",0.1621510488666
"293.06571","293.06571",0.161934519759037
"440.25292","440.25292",0.161704457150845
"649.10982","649.10982",0.160890382795701
"385.17436","385.17436",0.160708332493027
"896.38695","896.38695",0.160301461492844
"670.17634","670.17634",0.160078180295623
"417.26639","417.26639",0.160024309622884
"807.51206","807.51206",0.159900373631168
"879.53641","879.53641",0.158420403392383
"947.77786","947.77786",0.158273660233
"212.93761","212.93761",0.157155925137033
"275.94608","275.94608",0.157054080861734
"299.09585","299.09585",0.157033276699745
"220.99510","220.99510",0.156736807961964
"228.06120","228.06120",0.156193036501845
"334.06272","334.06272",0.155398142765253
"947.61492","947.61492",0.155171420247822
"949.53780","949.53780",0.154282083933326
"349.06316","349.06316",0.154251754650166
"540.05928","540.05928",0.153743964720177
"431.23646","431.23646",0.153548471164504
"880.56876","880.56876",0.153447376953692
"421.23898","421.23898",0.153264238391669
"351.06367","351.06367",0.152924745744099
"363.06209","363.06209",0.152478240290792
"645.49404","645.49404",0.152455343382235
"144.04285","144.04285",0.15238225455481
"689.06627","689.06627",0.151210117289729
"488.17311","488.17311",0.15072085839139
"663.52654","663.52654",0.15011269471265
"853.58378","853.58378",0.149967973472747
"811.37495","811.37495",0.149675526761588
"730.29718","730.29718",0.149572030727225
"173.09168","173.09168",0.149144602903351
"802.54829","802.54829",0.149047595311161
"908.58397","908.58397",0.148057528699957
"205.16185","205.16185",0.148022048457012
"733.55315","733.55315",0.147983166049598
"377.16793","377.16793",0.147749539682055
"401.25893","401.25893",0.1456268107219
"428.29373","428.29373",0.145410849431072
"195.10337","195.10337",0.14382850088904
"119.08730","119.08730",0.143784468574909
"998.59900","998.59900",0.142793956871718
"189.16521","189.16521",0.142618266024386
"791.17308","791.17308",0.142596477667332
"852.55975","852.55975",0.141812945627498
"369.17296","369.17296",0.141513139166748
"557.46220","557.46220",0.141438586372349
"285.16856","285.16856",0.141295774204334
"625.51639","625.51639",0.140986987461551
"275.05270","275.05270",0.140623464504413
"709.54177","709.54177",0.140596260157768
"156.99307","156.99307",0.140022718083041
"476.28757","476.28757",0.139220866707735
"848.49220","848.49220",0.138648119166917
"463.18136","463.18136",0.138505406728369
"452.29078","452.29078",0.138213458789158
"297.21672","297.21672",0.138144486261551
"874.61037","874.61037",0.137967894494721
"216.93054","216.93054",0.137904725528809
"99.04699","99.04699",0.137475917068934
"334.21827","334.21827",0.137148466600471
"479.31806","479.31806",0.137062841862568
"807.27908","807.27908",0.136974220551969
"225.15257","225.15257",0.136166952392483
"153.09256","153.09256",0.136106782335455
"225.98849","225.98849",0.136081922420126
"739.29325","739.29325",0.135705796775656
"461.24762","461.24762",0.135478702910933
"901.32998","901.32998",0.135342288722611
"490.11396","490.11396",0.134847475984369
"146.02619","146.02619",0.134792618258581
"748.16288","748.16288",0.134588437963063
"250.08959","250.08959",0.133919560596181
"255.00374","255.00374",0.133027027641978
"193.03335","193.03335",0.132877793173257
"806.52693","806.52693",0.132653524714114
"717.47152","717.47152",0.132637234914479
"737.33839","737.33839",0.132151855905578
"227.16572","227.16572",0.131851840645369
"427.02872","427.02872",0.131850251688477
"761.50432","761.50432",0.131589242290389
"733.47411","733.47411",0.131064835420447
"178.97482","178.97482",0.130966055366987
"250.14840","250.14840",0.130647662430529
"168.04541","168.04541",0.13021903783073
"510.25561","510.25561",0.129590300968739
"427.23371","427.23371",0.128998504209305
"217.14460","217.14460",0.128602143208182
"250.04771","250.04771",0.128181241517639
"223.13642","223.13642",0.127255110852299
"309.17739","309.17739",0.12683120935069
"633.51323","633.51323",0.126521487913623
"956.58669","956.58669",0.125837614481641
"289.07380","289.07380",0.125539537529153
"883.33671","883.33671",0.125032136326494
"277.15059","277.15059",0.124561277067627
"854.60637","854.60637",0.123557042372643
"455.32357","455.32357",0.123495677135927
"325.03662","325.03662",0.123478094344092
"477.23827","477.23827",0.123153569002829
"929.56068","929.56068",0.123049148415725
"426.28722","426.28722",0.122987827493584
"359.29803","359.29803",0.122601352160973
"232.98471","232.98471",0.122318491042479
"493.30892","493.30892",0.121472310451888
"830.51679","830.51679",0.121360649162193
"83.01472","83.01472",0.121144263539844
"339.25976","339.25976",0.12107851092343
"74.02522","74.02522",0.120717232360743
"295.26839","295.26839",0.120501856940822
"419.20288","419.20288",0.120485033327971
"755.52728","755.52728",0.12003688793667
"194.94913","194.94913",0.119847788235156
"415.16502","415.16502",0.119670618428962
"491.03417","491.03417",0.119607504961263
"640.31075","640.31075",0.119477758749748
"957.59526","957.59526",0.11897870002493
"279.15836","279.15836",0.118614033423547
"391.16668","391.16668",0.118438180760821
"592.86823","592.86823",0.118013228838964
"262.09461","262.09461",0.11746126429209
"487.32091","487.32091",0.117388910121143
"689.42555","689.42555",0.11734439765895
"501.29451","501.29451",0.117283851418058
"284.07260","284.07260",0.116993021371378
"458.28743","458.28743",0.11692311156445
"290.08485","290.08485",0.116440147227859
"482.28603","482.28603",0.116209606230153
"93.03657","93.03657",0.116070029099131
"102.95803","102.95803",0.115823423064015
"302.10738","302.10738",0.115759691616118
"828.57382","828.57382",0.1154290770324
"197.08399","197.08399",0.114559554205516
"643.47932","643.47932",0.114335995740255
"293.14029","293.14029",0.114289419716087
"307.26606","307.26606",0.114253085801121
"360.99218","360.99218",0.113911466666513
"114.05695","114.05695",0.113821730155069
"974.60019","974.60019",0.113658575721003
"181.96855","181.96855",0.112806234953149
"223.97658","223.97658",0.111977818432334
"184.00390","184.00390",0.111841468251741
"154.97805","154.97805",0.111802330864335
"205.05342","205.05342",0.110987365041387
"224.96033","224.96033",0.110956484204712
"524.28495","524.28495",0.110663140773597
"274.03582","274.03582",0.110621862423676
"224.07388","224.07388",0.110178922757444
"884.55033","884.55033",0.109889956762041
"565.05211","565.05211",0.109746722745451
"373.19308","373.19308",0.10970075156935
"208.07453","208.07453",0.109512963968675
"357.18863","357.18863",0.109272016265239
"300.04614","300.04614",0.10918745238126
"263.13329","263.13329",0.108780747833615
"641.49380","641.49380",0.108508296214515
"266.81757","266.81757",0.108240168178474
"267.12020","267.12020",0.107624797191745
"702.27078","702.27078",0.107588862912093
"580.30525","580.30525",0.106727659988714
"165.07313","165.07313",0.106085298579123
"510.32083","510.32083",0.105732619729716
"252.95477","252.95477",0.105658887354193
"890.54481","890.54481",0.10563892400248
"230.15658","230.15658",0.105204159153942
"895.74899","895.74899",0.105058810048072
"182.05780","182.05780",0.105040393791975
"713.17939","713.17939",0.104572985386971
"238.99623","238.99623",0.104135790936833
"827.13855","827.13855",0.102581879815031
"347.26459","347.26459",0.102371011407283
"281.14260","281.14260",0.102365854800076
"231.09934","231.09934",0.102151580819069
"292.13940","292.13940",0.102039229883273
"607.07739","607.07739",0.101960024059868
"210.08615","210.08615",0.10181806213553
"355.08719","355.08719",0.101734847918761
"324.03124","324.03124",0.101674763810129
"457.23035","457.23035",0.101247088759363
"242.14819","242.14819",0.100963727304142
"281.18423","281.18423",0.100408655173175
"195.05412","195.05412",0.100046602402678
"181.12550","181.12550",0.0998612588376318
"568.98818","568.98818",0.0997731173229785
"442.18881","442.18881",0.099458449356751
"493.02888","493.02888",0.0989574535562125
"336.10056","336.10056",0.0984984970700784
"666.16163","666.16163",0.0977804937274745
"981.54583","981.54583",0.0975414719881811
"540.32488","540.32488",0.0974910677254301
"281.09727","281.09727",0.0973174861346055
"917.53257","917.53257",0.0972032729621694
"278.04222","278.04222",0.0969362168043433
"251.08500","251.08500",0.096798446185128
"361.99215","361.99215",0.0960746797054364
"728.45742","728.45742",0.0959786432280704
"101.07306","101.07306",0.0951368781312646
"179.01102","179.01102",0.0943513669427395
"240.06263","240.06263",0.0943456553606364
"348.09312","348.09312",0.0940717577569454
"301.09460","301.09460",0.093616590567836
"559.10076","559.10076",0.0933720047916287
"765.13053","765.13053",0.0932719511599009
"347.18968","347.18968",0.092794559885793
"623.37170","623.37170",0.0927732872153556
"1074.54343","1074.54343",0.0921947940978939
"289.13158","289.13158",0.09190620308252
"375.22561","375.22561",0.0917883712629821
"900.32036","900.32036",0.0915540106732291
"425.26412","425.26412",0.0912639729034743
"454.31266","454.31266",0.0911276077372329
"907.56862","907.56862",0.0910043011216403
"729.28037","729.28037",0.0909781656146009
"248.97708","248.97708",0.090976410545793
"287.06994","287.06994",0.0909347211308694
"226.99772","226.99772",0.0903952630914473
"405.19580","405.19580",0.0889870961533311
"797.54582","797.54582",0.0885296920939935
"273.09249","273.09249",0.08845394432124
"221.12306","221.12306",0.0881158509110964
"306.94190","306.94190",0.0867489599132893
"383.05906","383.05906",0.0867412901595477
"315.11423","315.11423",0.0864810380693431
"498.29123","498.29123",0.0863917034423325
"687.16280","687.16280",0.0858862001060954
"354.16326","354.16326",0.0853176403187349
"862.35809","862.35809",0.0851873835045384
"252.10605","252.10605",0.0847876894013419
"212.02654","212.02654",0.0847851012426436
"185.04663","185.04663",0.0847250816397922
"592.31436","592.31436",0.084522054553444
"429.24939","429.24939",0.0844356619568085
"283.02361","283.02361",0.0837924659744398
"467.30131","467.30131",0.0834987162773683
"299.13347","299.13347",0.0829994458181934
"719.48235","719.48235",0.0829706721583246
"194.08596","194.08596",0.0829478207644266
"127.07791","127.07791",0.0823317437632279
"229.15364","229.15364",0.0821328452427601
"685.54943","685.54943",0.0820667187142151
"782.51608","782.51608",0.0817372468736412
"151.11315","151.11315",0.0815985713095496
"926.60642","926.60642",0.0815180169745468
"161.99656","161.99656",0.0804262452386634
"313.18529","313.18529",0.0802354612434009
"407.21511","407.21511",0.0801358929014816
"274.10432","274.10432",0.0798074184289146
"367.24711","367.24711",0.0787875362407142
"309.13754","309.13754",0.0787238402698086
"665.50997","665.50997",0.0787152750661043
"927.62343","927.62343",0.0783893659045666
"716.52642","716.52642",0.0779256941981791
"202.01099","202.01099",0.0776736912560709
"395.28004","395.28004",0.0770124024326155
"1088.63955","1088.63955",0.0768412063552967
"453.23981","453.23981",0.076781406013028
"283.07075","283.07075",0.0766662005245986
"472.91008","472.91008",0.0761329212010694
"408.22321","408.22321",0.0755902087568147
"459.15528","459.15528",0.0753562215716708
"897.76881","897.76881",0.0749876267429459
"305.18356","305.18356",0.0749040811661192
"411.24127","411.24127",0.0743985548159743
"417.18307","417.18307",0.0740835829856073
"303.16339","303.16339",0.073835576692558
"369.22685","369.22685",0.0733322517781323
"396.99733","396.99733",0.0726975890958769
"163.11403","163.11403",0.0725411607436913
"423.19941","423.19941",0.0724626844550953
"937.26500","937.26500",0.0717940806920816
"285.07064","285.07064",0.0712105334922963
"316.19099","316.19099",0.0711087874537342
"878.55311","878.55311",0.0705368929070106
"382.10190","382.10190",0.0704390129353193
"187.07490","187.07490",0.0703832426553633
"131.08016","131.08016",0.070357773495831
"544.27174","544.27174",0.0700842668911055
"301.14139","301.14139",0.0697414784710878
"641.09783","641.09783",0.0695962841873375
"233.11950","233.11950",0.0691993349590431
"387.23940","387.23940",0.069066290257736
"243.17683","243.17683",0.0688431179674232
"958.60543","958.60543",0.0687333191305856
"344.14128","344.14128",0.0686761179285192
"352.21722","352.21722",0.068298419790745
"114.93623","114.93623",0.0679266173065994
"406.24548","406.24548",0.0674867165328397
"328.11595","328.11595",0.067003829019929
"849.49233","849.49233",0.0668911203800643
"179.10810","179.10810",0.0668298138339126
"327.14525","327.14525",0.0666958012171944
"212.09007","212.09007",0.0664874113454695
"287.22048","287.22048",0.0661184328072356
"512.33923","512.33923",0.0660258245110857
"251.99967","251.99967",0.0660088434423353
"633.38091","633.38091",0.0657795674875911
"343.23100","343.23100",0.0657000533908734
"892.58199","892.58199",0.0652389804872394
"331.07622","331.07622",0.0646851876443524
"952.58926","952.58926",0.0636151311928227
"166.04904","166.04904",0.0632622757098292
"711.48359","711.48359",0.0630003757898414
"808.52691","808.52691",0.0629123250608064
"663.11358","663.11358",0.0628710505539757
"517.31668","517.31668",0.0627172571821193
"928.58529","928.58529",0.0625176947825271
"178.01910","178.01910",0.0624844667644227
"406.01383","406.01383",0.0621568106032475
"159.06803","159.06803",0.0620536698579359
"255.16822","255.16822",0.0614483070046388
"656.58043","656.58043",0.060840897805875
"330.05162","330.05162",0.0602591153513516
"381.98863","381.98863",0.0601570160384963
"379.25272","379.25272",0.0601228771344079
"290.96666","290.96666",0.0599792409557233
"829.58228","829.58228",0.0593333811370014
"310.04458","310.04458",0.0592726119117189
"361.18574","361.18574",0.0591932343517816
"473.26329","473.26329",0.0588558107846631
"602.32754","602.32754",0.0587727553856246
"263.06374","263.06374",0.0584707315591274
"528.28041","528.28041",0.0584597662745811
"377.02824","377.02824",0.0583966116275193
"367.02604","367.02604",0.0583483350592576
"260.04112","260.04112",0.0580087213224639
"344.91448","344.91448",0.0577755956818351
"193.08481","193.08481",0.0574366642148094
"740.21859","740.21859",0.0574083942646423
"292.20395","292.20395",0.0572890786475901
"637.54256","637.54256",0.0568705496102757
"236.02695","236.02695",0.0564724690493004
"235.13719","235.13719",0.0563213164222886
"297.08925","297.08925",0.0561917886846743
"633.13028","633.13028",0.0561727454951696
"360.89333","360.89333",0.0561176955751944
"243.14223","243.14223",0.0559160834040743
"223.09979","223.09979",0.0556956700247842
"145.08923","145.08923",0.0553924718270423
"131.09087","131.09087",0.0553240092304445
"293.25125","293.25125",0.0549327820570817
"160.06407","160.06407",0.0539073113934128
"469.13786","469.13786",0.052261742967491
"726.28489","726.28489",0.0521135624689209
"389.02715","389.02715",0.0517438168054701
"207.01435","207.01435",0.0517081191847371
"748.25621","748.25621",0.0515208153786247
"599.45379","599.45379",0.0512246601289793
"805.58260","805.58260",0.0508469655359817
"331.16636","331.16636",0.0508406226439229
"449.03437","449.03437",0.05077684679138
"376.22254","376.22254",0.05071226201896
"639.55838","639.55838",0.0505722511286161
"268.10704","268.10704",0.0501416146721069
"159.03253","159.03253",0.0497893215846273
"688.41153","688.41153",0.0490784770966575
"395.23402","395.23402",0.0489923643057532
"163.03893","163.03893",0.0489609309263289
"80.02805","80.02805",0.0488849801751648
"369.02746","369.02746",0.0477991622547112
"799.54221","799.54221",0.0477754517423054
"364.07173","364.07173",0.0470407097920736
"815.21881","815.21881",0.0464676452183054
"199.00374","199.00374",0.0462103044329621
"195.14216","195.14216",0.0461384526611204
"428.04773","428.04773",0.0461075162306189
"809.52380","809.52380",0.045964535241736
"861.35608","861.35608",0.0457398287131095
"206.94932","206.94932",0.0456128479915707
"282.99082","282.99082",0.045489754301212
"382.98508","382.98508",0.0450392663883457
"445.05846","445.05846",0.0448034623076196
"447.23944","447.23944",0.0445500701902003
"124.99195","124.99195",0.0444219547066615
"225.05819","225.05819",0.0443300027796257
"331.19255","331.19255",0.0439509393906329
"229.10011","229.10011",0.0435317639959836
"215.09873","215.09873",0.0433736966921819
"317.17657","317.17657",0.0432461750166978
"387.19799","387.19799",0.0428960139598006
"259.13101","259.13101",0.0424195225322586
"730.15754","730.15754",0.0422137518802036
"724.10067","724.10067",0.0421083116182825
"335.18454","335.18454",0.0418150141908138
"673.48451","673.48451",0.040587522264222
"125.06273","125.06273",0.0402793264676214
"323.18460","323.18460",0.0402609752250494
"468.13408","468.13408",0.0394772116795106
"436.29651","436.29651",0.0393937730349319
"622.35960","622.35960",0.0384592219743406
"349.15669","349.15669",0.0383539218581959
"305.07641","305.07641",0.0382137422181463
"913.58458","913.58458",0.0381897475737163
"752.52937","752.52937",0.038055943664137
"109.06645","109.06645",0.0379720949581652
"397.10519","397.10519",0.0378655853320644
"201.08676","201.08676",0.0374162979639941
"502.22727","502.22727",0.0372456928008885
"433.28228","433.28228",0.0369996922954566
"375.02950","375.02950",0.036860626905833
"213.01781","213.01781",0.036036164647429
"333.17928","333.17928",0.0359122763984883
"147.03169","147.03169",0.0356368482104852
"513.34075","513.34075",0.0352759652588057
"381.10900","381.10900",0.0350774503342632
"359.99955","359.99955",0.0349626418760206
"198.07822","198.07822",0.0344757982941045
"387.15433","387.15433",0.0343663198109402
"523.30152","523.30152",0.0338018659115474
"368.22659","368.22659",0.0337538393437544
"628.20172","628.20172",0.0331973905282273
"629.20320","629.20320",0.0330585180548475
"863.53334","863.53334",0.0330547095413813
"224.03126","224.03126",0.0329588907457353
"137.09814","137.09814",0.0325775759931379
"390.91768","390.91768",0.0323737219150808
"172.00573","172.00573",0.0322950915945167
"892.47366","892.47366",0.0316762241088533
"230.06520","230.06520",0.0312943599307216
"429.19940","429.19940",0.0310446145325088
"308.19192","308.19192",0.0310046212247163
"668.15894","668.15894",0.0307833878277238
"339.06192","339.06192",0.0300340225170744
"542.33036","542.33036",0.0299149785827309
"1149.50041","1149.50041",0.0290042345766967
"725.49361","725.49361",0.0289295597168781
"236.08013","236.08013",0.0289201923638925
"672.49974","672.49974",0.0285523577279715
"403.23092","403.23092",0.0285278909621942
"362.24006","362.24006",0.0284326600288941
"213.05173","213.05173",0.0283059987097606
"718.47400","718.47400",0.0278624055079018
"669.50211","669.50211",0.0276903342715486
"492.29703","492.29703",0.027522800065917
"447.19805","447.19805",0.0264054010830395
"380.06097","380.06097",0.02632145467292
"445.24452","445.24452",0.0260221805846619
"227.06753","227.06753",0.0259162129469935
"330.17934","330.17934",0.0254448335999406
"219.13852","219.13852",0.025433172647682
"310.15448","310.15448",0.025293842558426
"247.13895","247.13895",0.0249886287640428
"205.19811","205.19811",0.0246240835551641
"234.06663","234.06663",0.0238770914496217
"320.08092","320.08092",0.0234357055566307
"249.15245","249.15245",0.0233513974605201
"729.17032","729.17032",0.0228298990188187
"495.31284","495.31284",0.0223494596463502
"203.18375","203.18375",0.0218075295742434
"635.37672","635.37672",0.0217178942310267
"457.28673","457.28673",0.0216242524889722
"399.19367","399.19367",0.021206369180812
"384.02497","384.02497",0.0207931697830224
"337.08568","337.08568",0.0203079132421097
"485.23267","485.23267",0.0201814972310659
"803.54906","803.54906",0.01983240689303
"719.24053","719.24053",0.0196801536600925
"455.24166","455.24166",0.0195286589280509
"273.22751","273.22751",0.0194434795006734
"160.01034","160.01034",0.0191328692087008
"636.53303","636.53303",0.0186359789366898
"503.24128","503.24128",0.0181267747731544
"311.11372","311.11372",0.0173103332782712
"498.05432","498.05432",0.017096298157086
"931.55973","931.55973",0.0169548182968138
"154.01558","154.01558",0.0168415185486399
"471.23987","471.23987",0.0166301160130206
"654.25875","654.25875",0.0165320670050285
"259.03503","259.03503",0.0165282549777591
"583.48622","583.48622",0.0161455850739453
"827.54217","827.54217",0.0157321215707123
"360.23212","360.23212",0.0152301943474428
"301.05539","301.05539",0.0151572349789233
"213.15315","213.15315",0.0148392959242158
"589.32937","589.32937",0.014737794493738
"798.54245","798.54245",0.0143309332258665
"422.23555","422.23555",0.0139965411796434
"257.18026","257.18026",0.0134999541527246
"399.26599","399.26599",0.0132516602862963
"397.18041","397.18041",0.0127281468188558
"479.08812","479.08812",0.0127157345409049
"839.52911","839.52911",0.012693206423249
"180.04065","180.04065",0.0125977869861759
"830.59880","830.59880",0.012363579190077
"239.16754","239.16754",0.0107155508810048
"1112.53073","1112.53073",0.0106368500131543
"512.08850","512.08850",0.00970001954342246
"170.04493","170.04493",0.0095667041843364
"315.19759","315.19759",0.00950268749043096
"229.19404","229.19404",0.00933198559575146
"315.07809","315.07809",0.00881390306961534
"921.76659","921.76659",0.0071896770036866
"708.14881","708.14881",0.00713500101915102
"171.06670","171.06670",0.00703879263215228
"674.40205","674.40205",0.00687216230730189
"504.32039","504.32039",0.0067109221579345
"193.98523","193.98523",0.00647889951445745
"146.00119","146.00119",0.00639218988438854
"922.60916","922.60916",0.0062891700629114
"125.02454","125.02454",0.00603524093328552
"401.15875","401.15875",0.00601701790808094
"529.30722","529.30722",0.0055465193000034
"412.97040","412.97040",0.00526748166012853
"176.93848","176.93848",0.00521585630331749
"375.15770","375.15770",0.00435206424281326
"804.53665","804.53665",0.00417605846707433
"139.07679","139.07679",0.00400807396913915
"899.31531","899.31531",0.00356297218578373
"382.24432","382.24432",0.00335137324114355
"886.55797","886.55797",0.00313612830157039
"329.17217","329.17217",0.00290309527149841
"167.11065","167.11065",0.0017529255459821
"765.37779","765.37779",0.00136978730174529
"1021.48436","1021.48436",0.00122353971826406
"133.03365","133.03365",0.00111840885605823
