"","Pixel","Group","PC1","PC2"
"1","liver-1-neg-12-6","case",-4.10349738951409,-19.4379895644489
"2","liver-1-neg-13-10","case",-0.452421946762566,2.54035400776034
"3","liver-1-neg-13-6","case",-22.1336602064489,2.80883199429033
"4","liver-1-neg-14-10","case",-7.14107624516644,-7.56425442105047
"5","liver-1-neg-14-9","case",2.51523688572631,0.735026491693724
"6","liver-1-neg-15-10","case",-3.97586217805643,5.07625137512964
"7","liver-1-neg-15-18","control",8.45434498487848,4.87928752154824
"8","liver-1-neg-15-23","control",11.7608260719785,-0.961049961055289
"9","liver-1-neg-15-41","control",12.1371739284904,-1.30576423184753
"10","liver-1-neg-15-8","case",1.99876167920309,-3.92436741117825
"11","liver-1-neg-15-9","case",-6.62677932258946,0.471584246185206
"12","liver-1-neg-16-10","case",-2.35283574717167,4.21049158951489
"13","liver-1-neg-16-13","case",2.05501658277448,3.71203210892824
"14","liver-1-neg-16-14","case",6.49960913094799,0.894001209240536
"15","liver-1-neg-16-15","case",0.598178091479781,-4.63221019633941
"16","liver-1-neg-16-19","control",10.9047155149823,2.10268314373825
"17","liver-1-neg-16-20","control",11.4010591078582,5.07607531342974
"18","liver-1-neg-16-22","control",14.8079930625213,1.26361889439943
"19","liver-1-neg-16-23","control",12.7949754156474,2.77951675290083
"20","liver-1-neg-16-24","control",15.2326077634401,0.480789175080082
"21","liver-1-neg-16-26","control",12.0999277291708,2.08671641853991
"22","liver-1-neg-16-40","control",8.33248233163346,-3.37447071285758
"23","liver-1-neg-16-49","case",-2.49560679546751,-6.75195247858981
"24","liver-1-neg-16-54","case",-3.35962795908365,-3.2471531008815
"25","liver-1-neg-16-7","case",-0.940215175130669,-3.89096705740666
"26","liver-1-neg-16-8","case",-3.62629453877432,-7.45507125591368
"27","liver-1-neg-16-9","case",-5.83053372987296,-1.07605319187634
"28","liver-1-neg-17-10","case",-8.64643794387147,-1.94309521976947
"29","liver-1-neg-17-11","case",0.214093608821125,3.10210750019898
"30","liver-1-neg-17-12","case",-4.8740444233538,3.85362086537118
"31","liver-1-neg-17-13","case",-9.15866379643563,3.15165191578095
"32","liver-1-neg-17-14","case",-11.2792497244787,1.85594099614931
"33","liver-1-neg-17-15","case",-12.7241736158759,1.66531433586394
"34","liver-1-neg-17-16","case",-6.15266806318972,1.83351979758863
"35","liver-1-neg-17-17","case",-1.43562072970571,-1.25609598067148
"36","liver-1-neg-17-18","case",1.02314097224493,-3.74004786278741
"37","liver-1-neg-17-20","control",7.66259831893462,1.32617952177537
"38","liver-1-neg-17-21","control",4.81768014399076,-0.561630033691044
"39","liver-1-neg-17-22","control",11.4774086632227,-2.66756228432021
"40","liver-1-neg-17-23","control",9.25187575916935,-2.03949580130748
"41","liver-1-neg-17-24","control",9.42227519594853,1.32167771148458
"42","liver-1-neg-17-25","control",7.86796118642541,-2.41658427609435
"43","liver-1-neg-17-26","control",13.7825204141373,-4.12116715417771
"44","liver-1-neg-17-27","control",14.9709122579961,-1.35106844857637
"45","liver-1-neg-17-49","case",-6.58765052996329,-18.6716670331988
"46","liver-1-neg-17-7","case",-7.01938088376264,-7.13894966056578
"47","liver-1-neg-17-8","case",-1.6374754491562,-2.93340061874012
"48","liver-1-neg-17-9","case",-5.444962158217,3.92580705865555
"49","liver-1-neg-18-10","case",-18.3068475596288,0.0816961992736225
"50","liver-1-neg-18-11","case",-13.9128198078651,1.2180846545293
"51","liver-1-neg-18-12","case",-11.5407717252137,0.950496633574867
"52","liver-1-neg-18-13","case",-2.75855504216931,-0.240165456576847
"53","liver-1-neg-18-14","case",-3.09981362306857,0.696971411213165
"54","liver-1-neg-18-15","case",-1.126701645141,-1.09962593424299
"55","liver-1-neg-18-16","case",0.600165587747395,-0.0157558496434709
"56","liver-1-neg-18-17","case",2.56353513021846,-0.974699469001649
"57","liver-1-neg-18-18","case",2.42419503710036,-0.348976136071302
"58","liver-1-neg-18-20","control",4.61638929277408,0.45077685076963
"59","liver-1-neg-18-21","control",1.7204634842991,-1.45237659729292
"60","liver-1-neg-18-22","control",5.34581670589092,5.72946016884558
"61","liver-1-neg-18-25","case",-8.93800937909965,-2.03750460004089
"62","liver-1-neg-18-26","control",2.40830311642332,-4.0923512779538
"63","liver-1-neg-18-27","control",25.0686270802652,-0.816859714074783
"64","liver-1-neg-18-49","case",1.2470025842239,-10.4678777314693
"65","liver-1-neg-18-50","case",-0.329737667640853,-7.58457457292813
"66","liver-1-neg-18-7","case",-15.2458771905228,-3.02154146756687
"67","liver-1-neg-18-8","case",-9.16595988811514,-3.54169429528275
"68","liver-1-neg-18-9","case",-20.2585912070306,5.1173530810079
"69","liver-1-neg-19-10","case",-6.22351374994027,2.63847866026079
"70","liver-1-neg-19-11","case",-1.72642801464866,1.60121243897231
"71","liver-1-neg-19-12","case",0.00394505274900037,-0.571329348426093
"72","liver-1-neg-19-13","case",-0.969667868468266,-0.995282362628469
"73","liver-1-neg-19-14","case",1.47892516490917,0.492966461989336
"74","liver-1-neg-19-15","case",0.309740851590913,-2.16448310182869
"75","liver-1-neg-19-18","case",3.40035695494744,-1.04622087651907
"76","liver-1-neg-19-20","control",6.19837907566678,-2.72264140099143
"77","liver-1-neg-19-21","control",5.92401770041992,1.0736738924696
"78","liver-1-neg-19-22","control",8.31656442134427,0.902294203659169
"79","liver-1-neg-19-25","case",0.945470053476696,-1.26780651492843
"80","liver-1-neg-19-26","case",-4.27423138605362,-2.74932754402473
"81","liver-1-neg-19-27","case",-5.32850555148406,-1.07264031464772
"82","liver-1-neg-19-49","case",1.99239115410645,-3.01091802002381
"83","liver-1-neg-19-50","case",-5.71674240025224,-7.48057103520006
"84","liver-1-neg-19-7","case",-6.95156585499993,-3.13900293142925
"85","liver-1-neg-19-8","case",-8.6977299621773,0.27291319959235
"86","liver-1-neg-19-9","case",-5.99620893275827,1.24854573762529
"87","liver-1-neg-20-10","case",2.0717723180208,3.3111958047801
"88","liver-1-neg-20-11","case",-3.03732348518084,1.84092761392391
"89","liver-1-neg-20-12","case",-0.937027799532388,0.825171518061553
"90","liver-1-neg-20-13","case",1.47075704568645,-0.379050998398928
"91","liver-1-neg-20-14","case",-0.359402204652608,-2.64215692928311
"92","liver-1-neg-20-15","case",0.0505447264834543,0.22174403867624
"93","liver-1-neg-20-18","case",1.48717671909334,-1.64116330007264
"94","liver-1-neg-20-21","control",4.46698721127688,5.67826249679855
"95","liver-1-neg-20-22","control",8.61274694941067,5.70351066321745
"96","liver-1-neg-20-27","case",0.202702651960324,-3.26466319239102
"97","liver-1-neg-20-49","case",-2.9765149296544,-5.12779269332944
"98","liver-1-neg-20-50","case",0.563518153484014,-2.76481681731037
"99","liver-1-neg-20-58","case",-8.02311944336149,5.63591144478016
"100","liver-1-neg-20-7","case",-9.2418094589887,-1.37781677814338
"101","liver-1-neg-20-8","case",1.92924420960536,-3.12767303120374
"102","liver-1-neg-20-9","case",0.750663299560098,-6.95952667077734
"103","liver-1-neg-21-10","case",-2.37070062429936,7.43782064775475
"104","liver-1-neg-21-11","case",-0.0287720751016408,3.37403726116793
"105","liver-1-neg-21-12","case",-1.63324511584883,-1.2773198228327
"106","liver-1-neg-21-13","case",0.0577195977805196,-0.594200333321574
"107","liver-1-neg-21-14","case",-2.73234122813245,-2.71380309626597
"108","liver-1-neg-21-15","case",-0.907011817219351,-3.41390178566353
"109","liver-1-neg-21-16","case",0.655266169967735,-0.450734979354358
"110","liver-1-neg-21-17","case",1.56932053867909,0.472463032968919
"111","liver-1-neg-21-18","case",0.338624094005873,-8.31857447183731
"112","liver-1-neg-21-21","control",10.5820567574421,-1.17114657124253
"113","liver-1-neg-21-49","case",1.62962758911239,-4.64507437428104
"114","liver-1-neg-21-50","case",3.44100890725168,-6.76987155921676
"115","liver-1-neg-21-54","case",2.13580363478054,-6.1153157355298
"116","liver-1-neg-21-55","case",3.27567286101892,-2.75531381394061
"117","liver-1-neg-21-56","case",3.51609749984097,-2.22555176840719
"118","liver-1-neg-21-57","case",0.296137962372644,0.270274885190618
"119","liver-1-neg-21-58","case",-0.953211577226581,8.95988347266201
"120","liver-1-neg-21-8","case",2.55413752396543,-0.658739162311052
"121","liver-1-neg-21-9","case",-1.57565449405242,-6.32469303705959
"122","liver-1-neg-22-10","case",-3.67215072606387,1.51229704003894
"123","liver-1-neg-22-11","case",-2.49253849462907,-0.0158116977326038
"124","liver-1-neg-22-12","case",-3.12235434405344,-1.5246034719145
"125","liver-1-neg-22-13","case",-1.46916643213844,-1.96009038519692
"126","liver-1-neg-22-14","case",0.513561058445232,2.18236986256113
"127","liver-1-neg-22-15","case",0.380294844021194,-2.55158956499462
"128","liver-1-neg-22-16","case",-0.0653934745953638,-1.82197263968906
"129","liver-1-neg-22-17","case",4.3522161502881,-0.722103717164428
"130","liver-1-neg-22-24","control",14.70078009751,-3.18958320765175
"131","liver-1-neg-22-34","case",-6.06832013901653,2.74896522837106
"132","liver-1-neg-22-49","case",1.30892657279311,-0.0878393889028869
"133","liver-1-neg-22-50","case",2.23763444604501,-5.58211598778822
"134","liver-1-neg-22-54","case",4.4881514335253,-4.56542571181256
"135","liver-1-neg-22-55","case",3.71968873692153,-2.58404835412849
"136","liver-1-neg-22-56","case",0.822996307860663,-6.1437904798117
"137","liver-1-neg-22-57","case",-2.65388194966547,-2.74332219614942
"138","liver-1-neg-22-8","case",-0.00981620648795956,-4.82419521820014
"139","liver-1-neg-22-9","case",-1.92479786918874,-6.72325378765267
"140","liver-1-neg-23-10","case",0.49662370245188,-1.22990657536327
"141","liver-1-neg-23-11","case",-2.65341525329075,1.64673378555361
"142","liver-1-neg-23-12","case",-4.19474009842736,-2.1293335471681
"143","liver-1-neg-23-13","case",-4.77221690043418,-0.711617844867653
"144","liver-1-neg-23-14","case",-1.7959549550774,-2.46866667207839
"145","liver-1-neg-23-15","case",3.31035285432834,-0.157387079043165
"146","liver-1-neg-23-16","case",-0.240312648882603,-0.15371133203579
"147","liver-1-neg-23-17","case",-0.0355601647539212,0.976902444813041
"148","liver-1-neg-23-18","case",3.28909252653934,0.977297889900819
"149","liver-1-neg-23-25","control",4.72462586444163,-1.36847572552846
"150","liver-1-neg-23-48","case",-0.623896446957001,-4.54181819727759
"151","liver-1-neg-23-49","case",4.98596510693861,-0.59540408314148
"152","liver-1-neg-23-53","case",3.39144580484241,-5.07195597860643
"153","liver-1-neg-23-54","case",2.7042278179961,-2.12467179603739
"154","liver-1-neg-23-55","case",1.09901381613244,-4.63625594822525
"155","liver-1-neg-23-56","case",0.505061532684618,-6.91313654570513
"156","liver-1-neg-23-57","case",-1.91773285264161,-0.762334463053194
"157","liver-1-neg-24-10","case",-3.99393479745255,-3.51700217963366
"158","liver-1-neg-24-11","case",-2.39870013325288,0.180453589153344
"159","liver-1-neg-24-12","case",-3.27168383766345,-0.409132403288542
"160","liver-1-neg-24-13","case",-8.87003457955151,-7.42235599810266
"161","liver-1-neg-24-14","case",0.491781190455815,-2.16721228232632
"162","liver-1-neg-24-15","case",2.42638941577587,1.57184637885923
"163","liver-1-neg-24-16","case",3.46743684209311,-1.46415248980255
"164","liver-1-neg-24-17","case",-1.82040706389085,-4.10907629079128
"165","liver-1-neg-24-18","case",-0.432505056788065,-3.51019997659572
"166","liver-1-neg-24-37","case",1.49811010104869,-3.07347009174058
"167","liver-1-neg-24-38","case",-7.8485937441182,2.48959723404076
"168","liver-1-neg-24-39","case",-13.4223244429805,2.10667375467556
"169","liver-1-neg-24-40","case",-3.36187016361317,-2.87768825127586
"170","liver-1-neg-24-41","case",7.21246843201167,2.06235767552583
"171","liver-1-neg-24-48","case",-0.773765675488415,-2.3428412820527
"172","liver-1-neg-24-49","case",1.72565165315881,-0.353718768351235
"173","liver-1-neg-24-52","case",2.88964551875346,-7.13172105247163
"174","liver-1-neg-24-53","case",-0.932438204695315,-2.49148698924582
"175","liver-1-neg-24-54","case",-0.426341241759668,-4.1493338202509
"176","liver-1-neg-24-55","case",1.33174385803937,-5.62639040373324
"177","liver-1-neg-24-56","case",-5.74444414531584,-4.50910770773762
"178","liver-1-neg-24-57","case",1.07814300426481,-2.1014093458305
"179","liver-1-neg-24-58","case",-9.32752819537169,4.91450620417564
"180","liver-1-neg-25-10","case",0.0997898208571056,-2.5041744542251
"181","liver-1-neg-25-11","case",-2.88046337323062,0.195721200862345
"182","liver-1-neg-25-12","case",-1.71765225885917,-0.611009736107073
"183","liver-1-neg-25-13","case",-0.658643104465974,-1.79551654901386
"184","liver-1-neg-25-14","case",1.2359526364775,-2.12797844264433
"185","liver-1-neg-25-15","case",2.82802063866163,1.03485267732238
"186","liver-1-neg-25-16","case",0.800129778387517,-1.63564439770798
"187","liver-1-neg-25-17","case",1.2232224723726,-3.40641962155414
"188","liver-1-neg-25-18","case",3.21892359294377,-0.460746355118005
"189","liver-1-neg-25-19","control",7.43349851764229,-1.6348219172331
"190","liver-1-neg-25-39","case",2.21470561531363,-5.28061253772263
"191","liver-1-neg-25-40","case",-1.79949266618028,-5.46274625390283
"192","liver-1-neg-25-41","case",-7.21286073229631,-0.608444724044687
"193","liver-1-neg-25-42","case",-7.94291095213183,0.0107475184767395
"194","liver-1-neg-25-43","case",-1.61309126206256,-1.30970468254087
"195","liver-1-neg-25-48","case",3.00496751541051,0.655926260613667
"196","liver-1-neg-25-53","case",1.53756184417797,-3.31822424473043
"197","liver-1-neg-25-54","case",-6.20746823368528,-5.59464906662305
"198","liver-1-neg-25-55","case",-2.3082736431734,-4.68292115770514
"199","liver-1-neg-25-56","case",-6.26013816583314,-8.85887536345752
"200","liver-1-neg-25-57","case",-0.425455539961738,1.04601361165016
"201","liver-1-neg-25-58","case",-12.5049433559514,-8.28989773963044
"202","liver-1-neg-26-10","case",0.654758973923942,-4.05025409139505
"203","liver-1-neg-26-11","case",4.26399970343576,3.61663354818013
"204","liver-1-neg-26-12","case",-0.122570834083874,1.78884098882645
"205","liver-1-neg-26-13","case",2.03074512639496,-0.80112751531493
"206","liver-1-neg-26-16","case",2.70861826371069,-2.77908330293145
"207","liver-1-neg-26-17","case",2.15484757101005,-3.25943849053753
"208","liver-1-neg-26-20","case",2.64508660561319,-0.509876366922364
"209","liver-1-neg-26-22","control",11.2245580147442,1.52224407633969
"210","liver-1-neg-26-23","control",22.2252684588772,7.13222115960906
"211","liver-1-neg-26-25","case",1.89671025316175,-3.67039491513814
"212","liver-1-neg-26-26","case",1.35101559855999,-5.33794737914108
"213","liver-1-neg-26-27","case",-1.16090405552625,1.1568007620546
"214","liver-1-neg-26-31","case",0.603436977516586,-5.56238213852216
"215","liver-1-neg-26-32","case",2.70156420774468,-1.6730760734873
"216","liver-1-neg-26-34","case",0.143771679708978,-9.11820574414262
"217","liver-1-neg-26-35","case",-8.83977223024855,-8.75922650704553
"218","liver-1-neg-26-39","case",1.26260934889827,-3.96248641866148
"219","liver-1-neg-26-40","case",1.83382562668314,-1.49806662972788
"220","liver-1-neg-26-41","case",1.5785714199552,-3.01972424687857
"221","liver-1-neg-26-42","case",-5.05401933263691,1.66703717461313
"222","liver-1-neg-26-43","case",-5.9433728759046,-3.57445327465995
"223","liver-1-neg-26-44","case",-10.8964705848296,0.420570345904983
"224","liver-1-neg-26-45","case",-2.48080521966343,1.37641082949206
"225","liver-1-neg-26-46","case",1.73310541016047,-2.04027848380581
"226","liver-1-neg-26-47","case",1.88078800906361,-2.47430001379186
"227","liver-1-neg-26-48","case",-1.88685124948199,1.11421449901232
"228","liver-1-neg-26-49","case",0.249638082829392,-2.09671581451567
"229","liver-1-neg-26-54","case",-6.7255209964299,-4.88838267103451
"230","liver-1-neg-26-55","case",-0.909717706423413,-1.21181759714069
"231","liver-1-neg-26-56","case",-2.93372570815273,-3.63652034627898
"232","liver-1-neg-26-57","case",-1.57088257370221,-5.08309649040096
"233","liver-1-neg-26-58","case",-5.59990514261886,-31.5566650399536
"234","liver-1-neg-26-8","case",-0.887713952734459,-1.68140773659433
"235","liver-1-neg-26-9","case",4.06121143351061,-6.49415691881191
"236","liver-1-neg-27-10","case",-0.836199721120005,-0.669323881915132
"237","liver-1-neg-27-11","case",-3.25415621841706,4.61916041139782
"238","liver-1-neg-27-15","case",0.654914542266464,-1.61456376991082
"239","liver-1-neg-27-16","case",-1.85227454620011,-2.61821249421407
"240","liver-1-neg-27-17","case",0.290802202853806,-2.2651452339657
"241","liver-1-neg-27-21","control",6.10428972543247,-0.513109429385428
"242","liver-1-neg-27-22","control",6.32624593553979,-2.4657125357652
"243","liver-1-neg-27-24","case",-2.41696225811802,-1.30294276168006
"244","liver-1-neg-27-25","case",0.275851176021947,-1.95632008824966
"245","liver-1-neg-27-26","case",-0.396074640331906,0.381725939366184
"246","liver-1-neg-27-27","case",1.82250675764659,-2.64006383104581
"247","liver-1-neg-27-30","case",0.705013878741712,-2.51645651809046
"248","liver-1-neg-27-31","case",0.704791590913089,-3.83111493292621
"249","liver-1-neg-27-32","case",0.817391618771778,-2.24123538799145
"250","liver-1-neg-27-39","case",-2.62769041780095,-6.3200711547544
"251","liver-1-neg-27-40","case",3.91961736090069,-0.543588107613241
"252","liver-1-neg-27-41","case",-1.29631033487815,-2.11794462040001
"253","liver-1-neg-27-42","case",-3.09159036960532,2.80802829311847
"254","liver-1-neg-27-43","case",-2.63022921033978,-1.44688230495479
"255","liver-1-neg-27-44","case",16.1298491077709,9.20000527700594
"256","liver-1-neg-27-45","case",-12.7510286303446,2.17091787423568
"257","liver-1-neg-27-46","case",-15.0626288433759,2.32723619484395
"258","liver-1-neg-27-47","case",-3.4882412623123,0.789997191749966
"259","liver-1-neg-27-48","case",-2.27016160090009,0.734378036249794
"260","liver-1-neg-27-49","case",-0.250056701858863,-1.86355857661582
"261","liver-1-neg-27-50","case",0.910090478482138,-3.60557483497658
"262","liver-1-neg-27-54","case",-0.437010492714324,-3.24943332519265
"263","liver-1-neg-27-55","case",0.6198906282875,0.631953579160032
"264","liver-1-neg-27-56","case",-1.621891794748,-2.7635005046671
"265","liver-1-neg-27-57","case",-5.42569362293786,-7.99839648551546
"266","liver-1-neg-27-58","case",-5.54540581414398,-27.3627862178539
"267","liver-1-neg-27-8","case",-0.625812606961266,-1.40771321307241
"268","liver-1-neg-27-9","case",-0.797241581976707,-4.86040649436433
"269","liver-1-neg-28-10","case",2.30236957263209,2.89035456516646
"270","liver-1-neg-28-13","case",-0.768463123181314,-0.527470542512443
"271","liver-1-neg-28-14","case",0.57573469097743,-0.913585369451787
"272","liver-1-neg-28-15","case",-1.4260695422202,-3.28988645532694
"273","liver-1-neg-28-16","case",3.07555705863647,-4.17097442197895
"274","liver-1-neg-28-19","case",-0.90743818551064,-6.13024637052974
"275","liver-1-neg-28-31","case",0.766257831709575,-3.15158673160229
"276","liver-1-neg-28-32","case",-1.47408883906928,-2.71464175051452
"277","liver-1-neg-28-39","case",1.09784955846513,-5.85607420301066
"278","liver-1-neg-28-40","case",-2.42674312503371,-3.226076891906
"279","liver-1-neg-28-41","case",-1.0097326784079,-6.03805931291085
"280","liver-1-neg-28-42","case",-1.09548734374965,-1.09101093570976
"281","liver-1-neg-28-43","case",-1.76977496664108,-1.78161524850485
"282","liver-1-neg-28-44","case",0.00054587598092537,-0.343359196472023
"283","liver-1-neg-28-45","case",-2.54443975633136,-3.96110544406618
"284","liver-1-neg-28-46","case",7.94710251405369,3.57317904254229
"285","liver-1-neg-28-47","case",-16.2867118025293,-0.416469343226909
"286","liver-1-neg-28-49","case",-14.0974604776766,5.95701998173501
"287","liver-1-neg-28-50","case",-7.15910846926045,-1.71509634300914
"288","liver-1-neg-28-54","case",-0.666845606435106,-4.18326590141392
"289","liver-1-neg-28-55","case",-1.8195724892122,-1.29688585890665
"290","liver-1-neg-28-56","case",-0.974617918269891,-3.82042282417819
"291","liver-1-neg-28-57","case",-6.02530946882778,-4.20779543164695
"292","liver-1-neg-28-8","case",-2.75155775732375,-3.47827526589774
"293","liver-1-neg-28-9","case",-3.82734123570709,0.741781712040085
"294","liver-1-neg-29-13","case",-0.04525218824202,-0.548364042344899
"295","liver-1-neg-29-14","case",0.800696288360227,-0.485317436527958
"296","liver-1-neg-29-15","case",1.69580147210702,-0.538071903601819
"297","liver-1-neg-29-16","case",0.747320690428816,-3.47692838128703
"298","liver-1-neg-29-25","control",20.2087149291898,6.57270949679855
"299","liver-1-neg-29-31","case",0.844086087627732,-2.55176908852748
"300","liver-1-neg-29-32","case",2.28271253262504,1.54303440553253
"301","liver-1-neg-29-39","case",3.73175790661646,-4.66802895572432
"302","liver-1-neg-29-40","case",1.84292703016113,-5.35330430855402
"303","liver-1-neg-29-41","case",7.23528813987987,0.376575985966017
"304","liver-1-neg-29-42","case",-0.732242631974141,-1.78539031610371
"305","liver-1-neg-29-43","case",1.05909454102141,-4.11693906363188
"306","liver-1-neg-29-44","case",2.59213676280702,-4.58148389548811
"307","liver-1-neg-29-47","case",-0.833685671111536,-4.30737798105441
"308","liver-1-neg-29-48","case",-11.2179832603645,0.454743612173517
"309","liver-1-neg-29-8","case",1.52017479362116,-5.73296030140644
"310","liver-1-neg-29-9","case",-1.61306527414921,-0.217274471696513
"311","liver-1-neg-30-10","case",1.50048733644469,-3.48440370024678
"312","liver-1-neg-30-11","case",1.73327115146274,2.11050411882368
"313","liver-1-neg-30-12","case",0.145740368044866,0.49301282570926
"314","liver-1-neg-30-13","case",-1.63376238762278,1.85025918557348
"315","liver-1-neg-30-14","case",1.18273075256785,1.6002386638723
"316","liver-1-neg-30-16","case",-0.267819400245344,-0.13339332775635
"317","liver-1-neg-30-17","case",1.59215143959533,-1.05447395014406
"318","liver-1-neg-30-31","case",1.0103205135259,-1.80032183415725
"319","liver-1-neg-30-42","case",-1.26010358516033,-0.237023243868496
"320","liver-1-neg-30-43","case",-1.91139374882273,-3.90733532381146
"321","liver-1-neg-30-44","case",0.148449817075202,-3.15955275376162
"322","liver-1-neg-30-48","case",-4.24340046887573,-6.613373683987
"323","liver-1-neg-30-9","case",-6.33128754517939,-4.65707413072959
"324","liver-1-neg-31-10","case",-2.44161042033728,3.37597123971155
"325","liver-1-neg-31-11","case",-2.62542941074279,0.423780108342246
"326","liver-1-neg-31-12","case",1.02595766420063,1.19012402609452
"327","liver-1-neg-31-13","case",0.0993596231360993,1.21689677200664
"328","liver-1-neg-31-17","case",3.61761194032261,0.624107973752146
"329","liver-1-neg-31-18","case",1.83645614634045,-3.94855120332101
"330","liver-1-neg-31-31","case",0.714970196263143,-1.27753970576325
"331","liver-1-neg-31-42","case",-1.14005332873155,0.201527867932263
"332","liver-1-neg-31-43","case",2.95713182035263,-5.68106638056472
"333","liver-1-neg-31-44","case",0.442447427796522,-4.96887428758892
"334","liver-1-neg-31-47","case",1.14702668191187,-2.06296554159626
"335","liver-1-neg-31-48","case",-1.96106739888876,-5.49992711492069
"336","liver-1-neg-31-49","case",-8.84201351728015,-9.5122904629411
"337","liver-1-neg-31-9","case",-8.92684022816773,4.31483376713094
"338","liver-1-neg-32-11","case",-1.23884749635432,-1.48947165754093
"339","liver-1-neg-32-12","case",2.5227807288543,4.57674559452873
"340","liver-1-neg-32-13","case",-0.357530009268623,-0.923132263466895
"341","liver-1-neg-32-14","case",0.980763459979426,1.34291244405299
"342","liver-1-neg-32-15","case",1.78823087723857,2.19714301699744
"343","liver-1-neg-32-16","case",0.878648962314914,-0.291949967728306
"344","liver-1-neg-32-17","case",1.08134905572747,-1.07796518259314
"345","liver-1-neg-32-18","case",0.0763592795613987,-3.53898830714998
"346","liver-1-neg-32-19","case",2.49607138861739,-0.755370226829621
"347","liver-1-neg-32-22","case",3.9449410028783,-2.18191493957299
"348","liver-1-neg-32-24","control",11.0764235052924,1.35865027157116
"349","liver-1-neg-32-25","control",10.8463036914742,0.499786690889558
"350","liver-1-neg-32-36","case",-0.760026725350156,-6.29115542812577
"351","liver-1-neg-32-41","case",2.64045729893858,-2.58184728698821
"352","liver-1-neg-32-42","case",2.21544312148037,-4.67029898735452
"353","liver-1-neg-32-43","case",3.14316467606794,-2.60379706118601
"354","liver-1-neg-32-45","case",1.2567171241691,-6.05154831119939
"355","liver-1-neg-32-46","case",-1.24191073189278,-3.57222813251715
"356","liver-1-neg-32-47","case",1.77431390722945,-5.26227264300781
"357","liver-1-neg-32-48","case",-1.07806577124539,-6.48026864581909
"358","liver-1-neg-33-11","case",-3.9711252181675,-1.28623672397986
"359","liver-1-neg-33-12","case",-8.35088079566158,4.04486422212486
"360","liver-1-neg-33-13","case",-0.0674914682824016,-1.86805075571695
"361","liver-1-neg-33-14","case",1.90575933994893,2.0677958821367
"362","liver-1-neg-33-15","case",-1.3484581227431,-0.39254013869202
"363","liver-1-neg-33-16","case",-1.5299826203937,-3.27393268293992
"364","liver-1-neg-33-17","case",-0.466369483919701,-1.97550689515848
"365","liver-1-neg-33-18","case",3.23101004331629,1.56622557026108
"366","liver-1-neg-33-19","case",-2.00699836751008,-2.71893085596312
"367","liver-1-neg-33-20","case",-0.631608930856426,-4.01008569236329
"368","liver-1-neg-33-21","case",1.64699453068819,-2.86863267712646
"369","liver-1-neg-33-22","case",3.15066600839445,-2.00723923771652
"370","liver-1-neg-33-23","control",4.26699536328202,-8.37645269132564
"371","liver-1-neg-33-24","control",14.1737448763566,2.13173062253443
"372","liver-1-neg-33-25","control",17.2082795244553,-1.58745899282675
"373","liver-1-neg-33-36","case",0.654016838652296,-3.99976632603535
"374","liver-1-neg-33-41","case",-0.0416120047090614,-5.09005082539784
"375","liver-1-neg-33-42","case",2.67054684062954,-1.60793420718499
"376","liver-1-neg-34-10","case",-8.39498587341239,7.49550554201539
"377","liver-1-neg-34-11","case",-0.825334890801039,6.07253031104192
"378","liver-1-neg-34-12","case",-15.2907526788244,5.97495021827948
"379","liver-1-neg-34-13","case",-8.61826333530142,4.02378986981975
"380","liver-1-neg-34-15","case",2.02882672975869,-0.834085631674461
"381","liver-1-neg-34-16","case",0.580934139424527,-2.71414277470597
"382","liver-1-neg-34-17","case",0.813063994623158,-0.160199459131365
"383","liver-1-neg-34-18","case",-0.565180742493831,-5.01158500213845
"384","liver-1-neg-34-19","case",-3.66844562764887,1.0315996055101
"385","liver-1-neg-34-20","case",3.18754782983153,0.325207754301666
"386","liver-1-neg-34-21","case",-2.19424825380201,-0.969867162284238
"387","liver-1-neg-34-22","control",5.36064971634501,-1.79860256884237
"388","liver-1-neg-34-23","control",10.978229499251,-1.17265190761444
"389","liver-1-neg-34-24","control",12.6222412632967,2.01681019302197
"390","liver-1-neg-34-33","case",-1.50008163833865,-6.45271722593361
"391","liver-1-neg-34-34","case",0.589222133154946,-0.768492913000502
"392","liver-1-neg-34-9","case",-3.1779186409562,9.12767650449118
"393","liver-1-neg-35-10","case",1.3123626405959,1.02528994554735
"394","liver-1-neg-35-13","case",-9.14008739041678,3.11388284737314
"395","liver-1-neg-35-14","case",-12.24438137507,0.671319467350769
"396","liver-1-neg-35-16","case",-4.15686064244981,-1.15350092147042
"397","liver-1-neg-35-17","case",-4.65335277205431,0.0804095189554048
"398","liver-1-neg-35-18","case",-1.63038110283832,-2.34333988077455
"399","liver-1-neg-35-19","case",-0.689417974270646,-3.62936921593705
"400","liver-1-neg-35-20","case",2.65435061485658,-4.50020763957945
"401","liver-1-neg-35-21","case",3.7511312428952,-1.0396437823251
"402","liver-1-neg-35-23","control",6.16624316419156,-1.4965014774458
"403","liver-1-neg-35-27","case",2.94138500914642,-3.02075981063516
"404","liver-1-neg-35-28","case",-0.409800814503093,-3.52631166827068
"405","liver-1-neg-35-29","control",5.19573899030404,-2.21007169751099
"406","liver-1-neg-35-30","control",2.81283915081029,-2.95079563905175
"407","liver-1-neg-35-38","case",0.430116164222819,-3.47626339938999
"408","liver-1-neg-35-48","case",2.57817641041089,-4.84229801673724
"409","liver-1-neg-35-49","case",-0.571997668580481,-3.90427876333732
"410","liver-1-neg-35-9","case",-6.9010435847449,1.50917941731714
"411","liver-1-neg-36-13","case",-1.0591053803526,1.28772405361938
"412","liver-1-neg-36-14","case",-3.5676245171151,-0.126376647329299
"413","liver-1-neg-36-18","case",-8.91285306195022,0.0735260208771547
"414","liver-1-neg-36-19","case",-2.20807519440566,-6.02764227189872
"415","liver-1-neg-36-20","case",-3.52279093175541,-4.14470629714079
"416","liver-1-neg-36-21","case",1.57361330795973,-1.78372869114151
"417","liver-1-neg-36-25","case",2.71722266509958,-3.68614627871966
"418","liver-1-neg-36-26","case",2.23147359383412,-3.32507483712908
"419","liver-1-neg-36-27","case",1.84613965407129,-2.87422734547551
"420","liver-1-neg-36-28","case",0.839314072976996,-3.191692659486
"421","liver-1-neg-36-29","control",5.22224388707607,-1.7933374545133
"422","liver-1-neg-36-30","control",5.38450818844404,-0.710593534054307
"423","liver-1-neg-36-31","control",3.82971274402924,-2.38385401102597
"424","liver-1-neg-36-37","case",3.72625606778599,-2.55016573208998
"425","liver-1-neg-36-38","case",-2.42463553645933,-0.806453517500578
"426","liver-1-neg-36-47","case",1.00601886349196,-2.45396509842423
"427","liver-1-neg-36-48","case",-0.707094929479019,-0.852727591676335
"428","liver-1-neg-36-49","case",-4.44661347911525,-3.62275631875882
"429","liver-1-neg-36-9","case",-3.16032363890561,-0.891237798295839
"430","liver-1-neg-37-13","case",-2.12075783254584,3.77493330434308
"431","liver-1-neg-37-14","case",-3.62487347887374,0.853760514985242
"432","liver-1-neg-37-20","case",-2.45347298705761,-4.67987918280103
"433","liver-1-neg-37-21","case",-1.41401170805128,-2.1635099464999
"434","liver-1-neg-37-22","case",4.18766937242758,-0.658326199698915
"435","liver-1-neg-37-25","case",2.21913007199712,-2.17172598069245
"436","liver-1-neg-37-26","case",2.15904945144178,-4.41620698262671
"437","liver-1-neg-37-27","case",0.0574268881058937,0.584703379203232
"438","liver-1-neg-37-28","case",4.10352723101989,-7.82861919931151
"439","liver-1-neg-37-29","control",5.56638154213541,0.121553925033674
"440","liver-1-neg-37-30","control",7.8608647632162,-0.436291187603307
"441","liver-1-neg-37-36","case",2.62722128338265,-5.06149521614398
"442","liver-1-neg-37-37","case",-0.251245807328201,-2.53788703840906
"443","liver-1-neg-37-38","case",3.16069397520847,-1.51118536184859
"444","liver-1-neg-37-42","case",0.756546829500948,-5.45016913082274
"445","liver-1-neg-37-43","case",-0.381290788879442,-4.01363013605396
"446","liver-1-neg-37-47","case",-0.722421019201999,0.49911543707569
"447","liver-1-neg-37-48","case",-0.0404408112949296,-5.08855325223756
"448","liver-1-neg-37-49","case",-0.894148754148861,-2.0798180504404
"449","liver-1-neg-37-56","case",-1.22018912656265,4.52846768164725
"450","liver-1-neg-37-57","case",-5.15373154179846,4.20682251084154
"451","liver-1-neg-37-9","case",-6.40029995461524,4.67711890771888
"452","liver-1-neg-38-10","case",-8.15571955328764,7.61599839247983
"453","liver-1-neg-38-13","case",-0.802329416372132,2.8559351448608
"454","liver-1-neg-38-14","case",-2.17450080630897,1.5034807673199
"455","liver-1-neg-38-22","case",-0.86448300910816,-5.26235907325895
"456","liver-1-neg-38-23","case",1.84387877567759,-2.43793588210485
"457","liver-1-neg-38-24","case",1.18776323909719,-3.16069186225876
"458","liver-1-neg-38-25","case",1.9352793123343,-2.49378616920972
"459","liver-1-neg-38-26","case",4.60656979177437,0.138267854073348
"460","liver-1-neg-38-27","case",0.821780370377389,-3.01685729583028
"461","liver-1-neg-38-28","case",1.63292830422548,-2.26923823274465
"462","liver-1-neg-38-29","case",1.78567732868244,-2.19394226418236
"463","liver-1-neg-38-34","control",2.80813159197731,4.57656759598571
"464","liver-1-neg-38-36","case",2.72240579929157,-4.0704628800069
"465","liver-1-neg-38-37","case",6.09354172959152,-3.10049829949097
"466","liver-1-neg-38-39","case",0.501623739566461,-4.03958960976796
"467","liver-1-neg-38-40","case",2.42524648748176,-1.69331733998868
"468","liver-1-neg-38-41","case",2.27173196757196,-1.98442755360119
"469","liver-1-neg-38-42","case",2.67560831096492,-3.747787626041
"470","liver-1-neg-38-43","case",3.58211936894061,-1.36989249440271
"471","liver-1-neg-38-47","case",-0.813643125173859,-2.49404273263825
"472","liver-1-neg-38-48","case",1.55670043288385,-3.59129585587928
"473","liver-1-neg-38-49","case",-2.18784310134616,-2.3427794401281
"474","liver-1-neg-38-56","case",-3.83263219241163,4.89481743587048
"475","liver-1-neg-38-57","case",0.588099752512307,2.64633574524218
"476","liver-1-neg-38-9","case",-8.79837522135868,9.74554991120523
"477","liver-1-neg-39-10","case",4.85185473380372,3.24452192075842
"478","liver-1-neg-39-19","case",-12.1803463823173,3.60894204215615
"479","liver-1-neg-39-25","case",-4.39238934287757,-3.14166807073736
"480","liver-1-neg-39-26","case",8.34723335135006,2.07809960421175
"481","liver-1-neg-39-27","case",3.80336430376974,-5.76652852531679
"482","liver-1-neg-39-28","case",2.6956907129603,-3.60347532422094
"483","liver-1-neg-39-29","case",1.13758409816295,-5.15832795749524
"484","liver-1-neg-39-30","case",2.66634343114108,-4.04122758691864
"485","liver-1-neg-39-36","case",2.31238221898874,-4.10842888613158
"486","liver-1-neg-39-37","case",0.386652647944362,-4.47562299199612
"487","liver-1-neg-39-38","case",2.63143900827584,-6.19650396328717
"488","liver-1-neg-39-39","case",1.06110313476413,-2.08589147395206
"489","liver-1-neg-39-40","case",1.02068104265291,-0.483155771949286
"490","liver-1-neg-39-41","case",3.96830509244967,-2.40284996638518
"491","liver-1-neg-39-42","case",1.98509998735812,0.657196144694249
"492","liver-1-neg-39-43","case",3.84216589253335,-1.93156666182552
"493","liver-1-neg-39-46","case",1.04740946825743,-4.73403894152132
"494","liver-1-neg-39-47","case",0.642509197887106,-7.3171732987381
"495","liver-1-neg-39-48","case",-5.05089887728356,-1.09319962282748
"496","liver-1-neg-39-9","case",-8.49134528653591,7.88950555788267
"497","liver-1-neg-40-10","case",-6.14863543575992,6.0651032394098
"498","liver-1-neg-40-27","case",-9.36443753432697,-2.68295970553982
"499","liver-1-neg-40-28","case",-1.11544466441086,-4.25543828598548
"500","liver-1-neg-40-29","case",1.8388574635494,-4.6217965515844
"501","liver-1-neg-40-30","case",-0.666751671436416,-4.49899150062505
"502","liver-1-neg-40-31","case",3.75662638048932,-3.75751786163514
"503","liver-1-neg-40-32","control",10.7513455752627,-1.26743401589439
"504","liver-1-neg-40-36","case",2.3902655136907,-1.71003167959599
"505","liver-1-neg-40-39","case",-0.881150502196335,-2.34211298740426
"506","liver-1-neg-40-40","case",2.59870000574353,-4.859199074928
"507","liver-1-neg-40-41","case",1.78798117787068,-2.68223175794391
"508","liver-1-neg-40-42","case",-0.623346879765088,2.75399360515906
"509","liver-1-neg-40-43","case",2.27311864461652,-3.66270610074496
"510","liver-1-neg-40-45","case",1.35500123597841,-6.46513968692822
"511","liver-1-neg-40-46","case",0.0773292634344683,-8.01044456261865
"512","liver-1-neg-40-47","case",-5.94746867141473,-5.92392727391904
"513","liver-1-neg-40-9","case",-7.41382758621424,6.93015012286664
"514","liver-1-neg-41-10","case",-2.08464326665907,9.0093155308544
"515","liver-1-neg-41-30","case",-9.59937613620515,-2.04267583901914
"516","liver-1-neg-41-31","case",-4.7063590979363,-4.87016504461591
"517","liver-1-neg-41-32","control",1.11041360975207,-1.23268046818347
"518","liver-1-neg-41-36","case",1.43342687725391,-8.57535223098693
"519","liver-1-neg-41-40","case",1.2257839880417,-2.35055012854311
"520","liver-1-neg-41-41","case",4.0428185264491,-3.79176409648617
"521","liver-1-neg-41-42","case",-1.76379050461042,-2.41215674947874
"522","liver-1-neg-41-52","case",-4.75940494344073,0.271761950941165
"523","liver-1-neg-41-58","case",3.09882242580096,-2.47357638133955
"524","liver-1-neg-41-59","case",-13.9810664652605,-14.0073498316787
"525","liver-1-neg-41-9","case",-6.07774296203343,6.71635673188157
"526","liver-1-neg-42-10","case",-8.66201596890888,6.93896299450424
"527","liver-1-neg-42-27","case",-1.25993389747679,-4.73026025147876
"528","liver-1-neg-42-28","case",-15.7064022616135,2.16122579136842
"529","liver-1-neg-42-35","case",-3.05320407861153,-1.81202100915179
"530","liver-1-neg-42-36","case",2.77826259879447,-9.37776994120426
"531","liver-1-neg-42-40","case",2.67257518408616,-4.85757834245898
"532","liver-1-neg-42-41","case",1.41476109584426,-6.61987637556701
"533","liver-1-neg-42-51","case",-17.8574993266529,-0.685900241532204
"534","liver-1-neg-42-52","case",-9.39304407959149,2.61352507892779
"535","liver-1-neg-42-58","case",3.89725763076398,0.971436468294877
"536","liver-1-neg-42-59","case",-16.5571016307141,-2.43737432169255
"537","liver-1-neg-42-9","case",-1.97473285283128,5.19648203285924
"538","liver-1-neg-43-10","case",1.72685012129989,1.49520714110455
"539","liver-1-neg-43-39","case",-4.92664857388376,-5.09210905661789
"540","liver-1-neg-43-49","case",-1.47868644411339,0.0470053626957607
"541","liver-1-neg-43-50","case",2.83707459521599,-8.3285369315276
"542","liver-1-neg-43-51","case",0.216373233117676,-4.75001048848306
"543","liver-1-neg-43-52","case",0.515310447606006,-0.574969065416503
"544","liver-1-neg-43-59","case",-20.4647153974118,1.50439464929455
"545","liver-1-neg-43-9","case",-5.98065403024012,3.98465687851486
"546","liver-1-neg-44-10","case",-9.07815617731117,5.94069081567632
"547","liver-1-neg-44-11","case",-4.66621705154445,2.2859634989517
"548","liver-1-neg-44-12","case",-2.27784771191939,6.46556392300948
"549","liver-1-neg-44-13","case",-2.73218948870462,4.13115149214821
"550","liver-1-neg-44-14","case",-3.89863756748308,0.763391946420561
"551","liver-1-neg-44-15","case",-0.351162026015002,1.93063274496674
"552","liver-1-neg-44-48","case",-4.68889213978063,0.728111319263049
"553","liver-1-neg-44-49","case",-1.18150649574457,2.13239371008083
"554","liver-1-neg-44-52","case",2.40889762915906,-5.57251372312009
"555","liver-1-neg-44-54","case",4.5368873034367,-6.58259359251009
"556","liver-1-neg-44-55","case",2.38706098764163,-5.87968518822318
"557","liver-1-neg-44-58","case",2.28277687843054,5.08849152266153
"558","liver-1-neg-44-59","case",-16.0953878948412,3.79785149655841
"559","liver-1-neg-44-9","case",-9.9474802661113,7.33054838964143
"560","liver-1-neg-45-10","case",-9.76990079218376,4.90487072891558
"561","liver-1-neg-45-11","case",-3.28951701888723,6.52144138471871
"562","liver-1-neg-45-12","case",-1.99163657517539,3.10933306883891
"563","liver-1-neg-45-13","case",-3.24742985493652,2.55209346577276
"564","liver-1-neg-45-14","case",-5.148422799024,1.22393014258915
"565","liver-1-neg-45-15","case",-2.22486771755579,1.24218543187437
"566","liver-1-neg-45-16","case",-1.34291353066395,3.1749638695945
"567","liver-1-neg-45-17","case",-2.88598829443542,-2.03356023477142
"568","liver-1-neg-45-18","case",-1.25410699160787,-0.174675938968924
"569","liver-1-neg-45-41","case",-3.1704634458125,1.07538302321607
"570","liver-1-neg-45-42","case",-10.3815479359345,2.39307828308124
"571","liver-1-neg-45-43","case",-5.17851546367786,1.91107261761895
"572","liver-1-neg-45-46","case",-8.7019267618875,1.46534877200636
"573","liver-1-neg-45-47","case",6.99227311882581,6.4265118802091
"574","liver-1-neg-45-48","case",-2.98368982782202,0.726412789837128
"575","liver-1-neg-45-49","case",-7.630826452391,5.78338958547605
"576","liver-1-neg-45-50","case",-0.39043520883499,1.43885660583248
"577","liver-1-neg-45-54","case",0.949724468198085,-5.73785699928829
"578","liver-1-neg-45-55","case",-0.0395835614952978,-3.07761155295247
"579","liver-1-neg-45-58","case",0.26635901279942,1.63213890239444
"580","liver-1-neg-45-59","case",-1.15470880108734,3.6962025340446
"581","liver-1-neg-45-9","case",-10.6919143440736,5.02609262025049
"582","liver-1-neg-46-10","case",-6.37381861805344,4.69969314993522
"583","liver-1-neg-46-13","case",-1.64848896668979,1.83447050201095
"584","liver-1-neg-46-14","case",0.495018211404448,6.45705467182716
"585","liver-1-neg-46-15","case",1.96691381358237,2.78517041528817
"586","liver-1-neg-46-16","case",-2.12500247226185,0.736255749709891
"587","liver-1-neg-46-17","case",2.49568024239711,0.0859959087969903
"588","liver-1-neg-46-41","case",0.389524881501723,2.05654751318337
"589","liver-1-neg-46-42","case",0.21067187992284,2.02478412140501
"590","liver-1-neg-46-43","case",2.75373921354323,6.57598158125977
"591","liver-1-neg-46-44","case",0.886722719838442,0.967182869664792
"592","liver-1-neg-46-45","case",-5.76512536679409,4.32433222340917
"593","liver-1-neg-46-46","case",-9.67483939448489,1.35528454084682
"594","liver-1-neg-46-47","case",10.3679757017333,10.212998938058
"595","liver-1-neg-46-48","case",-4.7294099099852,2.04027207742375
"596","liver-1-neg-46-49","case",0.511426335114569,0.520034562155438
"597","liver-1-neg-46-54","case",2.13272109009909,-2.73046026567809
"598","liver-1-neg-46-55","case",0.836116804079851,-1.57446229884114
"599","liver-1-neg-46-57","case",1.78824006992009,-1.63539100641805
"600","liver-1-neg-46-58","case",-3.61218519259599,2.96974724195593
"601","liver-1-neg-46-59","case",-14.9880424019475,1.30610312486686
"602","liver-1-neg-46-9","case",-5.28462612493316,1.99908434882149
"603","liver-1-neg-47-42","case",-0.565058899944593,3.71801926111869
"604","liver-1-neg-47-44","case",0.387496642142069,0.764980891783267
"605","liver-1-neg-47-45","case",-2.05415257726822,0.0960433678170388
"606","liver-1-neg-47-46","case",-6.7198678215754,2.56496456715793
"607","liver-1-neg-47-47","case",-1.96434313039509,3.75483382460171
"608","liver-1-neg-47-48","case",-3.46074769148517,0.198658190051151
"609","liver-1-neg-47-49","case",-3.37730765036654,1.05371600543127
"610","liver-1-neg-47-50","case",3.15514814433388,-5.26527119686647
"611","liver-1-neg-47-54","case",2.50188021011784,-1.909614295892
"612","liver-1-neg-47-55","case",2.51659911647958,-1.46473441423193
"613","liver-1-neg-47-56","case",2.45075236863326,-0.40650909346555
"614","liver-1-neg-47-57","case",-3.28797458595066,-4.18847817109708
"615","liver-1-neg-47-58","case",-0.399447227388549,2.68746089459248
"616","liver-1-neg-47-59","case",-13.3633578427667,2.03291210641866
"617","liver-1-neg-47-9","case",-9.64935035722977,4.26285688568122
"618","liver-1-neg-48-42","case",-0.724789177327631,2.99439315533691
"619","liver-1-neg-48-44","case",2.88867051916713,1.16791424068572
"620","liver-1-neg-48-45","case",-5.74717738799762,7.14284546758743
"621","liver-1-neg-48-46","case",-3.35966164898927,3.93178422916802
"622","liver-1-neg-48-47","case",-1.28818554832458,3.18264305738059
"623","liver-1-neg-48-48","case",8.8405540864757,10.2874560679908
"624","liver-1-neg-48-49","case",0.863374902648009,1.1033855763902
"625","liver-1-neg-48-50","case",0.276075180540075,-1.90968485957436
"626","liver-1-neg-48-54","case",0.0126645727956985,-3.2853824445511
"627","liver-1-neg-48-55","case",-0.643695238960529,-2.23317639442782
"628","liver-1-neg-48-56","case",-2.45699872089208,-1.12880594025318
"629","liver-1-neg-48-57","case",-4.08746882395479,-2.89865864582259
"630","liver-1-neg-48-58","case",-2.96026349694025,-3.7566099181627
"631","liver-1-neg-48-59","case",-10.2665503781977,-4.04342532516778
"632","liver-1-neg-48-9","case",-7.3623497947201,7.63952048606409
"633","liver-1-neg-49-10","case",-2.17165618750102,-2.43813352894272
"634","liver-1-neg-49-13","case",0.649686767903865,2.23744752420324
"635","liver-1-neg-49-42","case",0.255494094256387,3.80632351537336
"636","liver-1-neg-49-43","case",0.346755004862302,7.17799638686544
"637","liver-1-neg-49-44","case",-0.63038475305664,1.04723158056972
"638","liver-1-neg-49-45","case",-2.82627713008603,5.46684869654376
"639","liver-1-neg-49-46","case",-1.0035460725803,5.48677360335137
"640","liver-1-neg-49-47","case",-1.62076537663758,3.68493393196104
"641","liver-1-neg-49-48","case",5.3152123400379,7.31211300870473
"642","liver-1-neg-49-49","case",0.707783077352668,-0.965536297074705
"643","liver-1-neg-49-50","case",1.8770848732785,0.917425308955564
"644","liver-1-neg-49-52","case",-0.42764901856203,-2.86134475091042
"645","liver-1-neg-49-53","case",1.35159474384157,-2.28557524644696
"646","liver-1-neg-49-54","case",-1.81731940280177,-3.54332357837932
"647","liver-1-neg-49-55","case",-0.949118273954131,-2.59145626417606
"648","liver-1-neg-49-56","case",-1.092231684152,-0.62466933604753
"649","liver-1-neg-49-57","case",-0.691148539023266,-1.69565342052092
"650","liver-1-neg-49-58","case",-3.19319377221976,-4.52996344479323
"651","liver-1-neg-49-59","case",-7.21469160764849,1.48469597225278
"652","liver-1-neg-49-9","case",-5.76892893856416,7.7733612059987
"653","liver-1-neg-50-10","case",-11.8610698813294,8.5512268690108
"654","liver-1-neg-50-13","case",-1.19425440291672,2.33450492239023
"655","liver-1-neg-50-18","control",10.9441470804378,6.0775432233546
"656","liver-1-neg-50-19","control",8.94723309093597,-1.07521104423712
"657","liver-1-neg-50-42","case",-2.02376305270268,5.05278871672111
"658","liver-1-neg-50-43","case",-3.12759925230648,4.11736386089346
"659","liver-1-neg-50-46","case",-1.08828212941205,4.97039775075598
"660","liver-1-neg-50-47","case",-1.28986285538758,2.94319583659817
"661","liver-1-neg-50-48","case",-0.897271231718986,-0.410454824451953
"662","liver-1-neg-50-49","case",1.11857685671324,0.504506386185366
"663","liver-1-neg-50-50","case",-0.33092215286467,-1.63701422587285
"664","liver-1-neg-50-51","case",5.35742210223498,0.36760550930996
"665","liver-1-neg-50-52","case",-1.42867624858109,-0.539807646884516
"666","liver-1-neg-50-53","case",-2.49417587733451,-2.43141967125697
"667","liver-1-neg-50-54","case",-3.82988677792859,-2.89120004207346
"668","liver-1-neg-50-55","case",0.749946964651825,-2.24391756121723
"669","liver-1-neg-50-56","case",-1.0684598701363,-0.404288896855113
"670","liver-1-neg-50-57","case",-1.68920137557049,-1.58795510375361
"671","liver-1-neg-50-58","case",-1.63582681460954,-4.74790329563461
"672","liver-1-neg-50-59","case",3.49279180706534,-6.47482175996029
"673","liver-1-neg-50-9","case",3.19977088848399,10.2098760848303
"674","liver-1-neg-51-13","case",0.243641919914173,1.92480680641649
"675","liver-1-neg-51-19","control",6.84324419101637,2.40593789864153
"676","liver-1-neg-51-22","control",4.67373120119669,-0.874634724909673
"677","liver-1-neg-51-23","control",7.30264516567454,-0.354455052787151
"678","liver-1-neg-51-24","control",5.63464721764141,-0.639475548527897
"679","liver-1-neg-51-41","case",3.84273254111521,1.36220714159306
"680","liver-1-neg-51-42","case",-0.159250365534395,6.1396260641654
"681","liver-1-neg-51-46","case",-0.343327983378197,6.08947989078909
"682","liver-1-neg-51-47","case",-0.387352794625419,6.23253957696669
"683","liver-1-neg-51-48","case",0.286497907392195,2.06479940734044
"684","liver-1-neg-51-49","case",-0.562503672865523,-0.312393466614212
"685","liver-1-neg-51-50","case",-1.84579085261117,-0.0569740459724041
"686","liver-1-neg-51-51","case",-1.09237271171976,-1.68000319100258
"687","liver-1-neg-51-52","case",-4.83777487352793,-1.9236665219946
"688","liver-1-neg-51-53","case",-2.71820752097777,-1.87945764443176
"689","liver-1-neg-51-54","case",-1.80995788710134,0.234591372688506
"690","liver-1-neg-51-55","case",-1.92687185724801,-2.64815465020232
"691","liver-1-neg-51-56","case",-1.87586736264533,1.88604196713618
"692","liver-1-neg-51-57","case",-1.92343253720149,-2.77959363568731
"693","liver-1-neg-51-58","case",-0.204587111651219,0.254824890573815
"694","liver-1-neg-51-59","case",2.65222077047081,-6.68514964571264
"695","liver-1-neg-51-9","control",5.44887419076019,10.9234893803338
"696","liver-1-neg-52-13","case",0.587848813936249,2.37027843201698
"697","liver-1-neg-52-21","control",10.573781306667,-0.729475462468707
"698","liver-1-neg-52-22","control",11.1299411974879,-0.628044833555388
"699","liver-1-neg-52-23","control",8.83145261751698,-0.781635371182843
"700","liver-1-neg-52-24","control",15.4329148960254,5.33898557200032
"701","liver-1-neg-52-25","control",4.98798770984839,5.87295922329176
"702","liver-1-neg-52-26","control",17.4916924527276,5.59893682841183
"703","liver-1-neg-52-39","case",0.757184452260803,-0.249714803298748
"704","liver-1-neg-52-40","case",3.11840933269952,1.12004265266057
"705","liver-1-neg-52-41","case",0.149440134547378,2.20000713779396
"706","liver-1-neg-52-42","case",-0.515284311516742,3.74903759070666
"707","liver-1-neg-52-43","case",1.58048545860082,4.08468836045972
"708","liver-1-neg-52-45","case",-0.167680792800869,4.12841074733231
"709","liver-1-neg-52-46","case",-4.83416513287962,2.57893609909193
"710","liver-1-neg-52-47","case",5.95284267784052,7.80755698332789
"711","liver-1-neg-52-48","case",-2.9515490454818,-0.150114705689899
"712","liver-1-neg-52-49","case",-2.00267812153693,-1.39567299290413
"713","liver-1-neg-52-50","case",-0.853950448279474,1.98115728842446
"714","liver-1-neg-52-51","case",1.62179928844848,-0.435163591710794
"715","liver-1-neg-52-52","case",1.81863776982453,-2.39926178284366
"716","liver-1-neg-52-53","case",-0.539707651462544,-0.496803023306041
"717","liver-1-neg-52-54","case",-2.95986891066498,-0.363216469499954
"718","liver-1-neg-52-55","case",-1.56437612421191,0.756328450916064
"719","liver-1-neg-52-56","case",-1.17237189141968,2.33231863332929
"720","liver-1-neg-52-57","case",-2.48834372063248,-3.38909079697845
"721","liver-1-neg-52-58","case",-5.32561047372287,-2.013763147047
"722","liver-1-neg-52-59","case",-0.396246237183111,-3.89367288969008
"723","liver-1-neg-52-9","control",3.52284281192202,11.9688470483154
"724","liver-1-neg-53-10","control",3.20494082508767,0.902117155256749
"725","liver-1-neg-53-13","case",-0.960196075094567,2.78445701690871
"726","liver-1-neg-53-14","case",2.71970044783272,0.91256174490768
"727","liver-1-neg-53-15","case",1.46067029342556,-1.25688714023171
"728","liver-1-neg-53-16","case",-3.52314620208866,-1.64196868604474
"729","liver-1-neg-53-21","control",11.5526726077251,-1.51424243700702
"730","liver-1-neg-53-22","control",17.471220024518,-0.82132219971348
"731","liver-1-neg-53-23","control",11.6338549059621,-0.313680194571143
"732","liver-1-neg-53-24","control",9.37172746718188,-3.43841119988992
"733","liver-1-neg-53-25","control",15.4570448794414,11.5075676922137
"734","liver-1-neg-53-26","control",13.7146364235417,6.88018638850845
"735","liver-1-neg-53-41","case",1.18263765219443,0.169243044042423
"736","liver-1-neg-53-42","case",-1.75498563281216,5.65446697976389
"737","liver-1-neg-53-43","case",-0.231670736732472,1.10954540196713
"738","liver-1-neg-53-44","case",0.460240296346327,-0.907802014414347
"739","liver-1-neg-53-45","case",2.51791106315281,1.18922449977308
"740","liver-1-neg-53-46","case",-4.4314896233317,3.33664994869578
"741","liver-1-neg-53-47","case",-0.146340114071831,0.765327928787489
"742","liver-1-neg-53-48","case",-4.09587784882924,1.91056386301102
"743","liver-1-neg-53-49","case",0.330940563473459,2.84568788541525
"744","liver-1-neg-53-50","case",-5.46713192231077,2.12041400210253
"745","liver-1-neg-53-51","case",1.20207554876673,-0.82181146919427
"746","liver-1-neg-53-52","case",-3.13333283887659,-0.852805986184154
"747","liver-1-neg-53-53","case",-2.3837991509413,-2.15979404327368
"748","liver-1-neg-53-54","case",-3.81481287965209,-0.188432681562212
"749","liver-1-neg-53-55","case",-3.5959519612458,-0.298286761108328
"750","liver-1-neg-53-56","case",3.41143718881885,4.83265925227303
"751","liver-1-neg-53-57","case",-3.4638524226341,-1.73848220164934
"752","liver-1-neg-53-58","case",-7.24481941709049,0.28579387626707
"753","liver-1-neg-53-59","case",-3.26495350390715,-0.0851289108983527
"754","liver-1-neg-53-9","control",8.91094603057635,5.18827114395314
"755","liver-1-neg-54-13","case",1.3097936085199,1.45123791850111
"756","liver-1-neg-54-14","case",0.509830654968653,1.05499838404518
"757","liver-1-neg-54-15","case",2.02972194379274,-1.38853244030656
"758","liver-1-neg-54-21","control",6.37588537059078,-2.29943294178887
"759","liver-1-neg-54-22","control",11.440965313484,-4.0964972254591
"760","liver-1-neg-54-23","control",7.53336096749899,0.680113159579694
"761","liver-1-neg-54-24","control",7.67191826641146,-0.77733787949735
"762","liver-1-neg-54-25","control",6.22103522017731,-0.571970015983229
"763","liver-1-neg-54-41","case",1.84749912702995,2.46066510900915
"764","liver-1-neg-54-42","case",-3.05782389125885,3.51509337523782
"765","liver-1-neg-54-43","case",7.64528962580994,0.0764367165385722
"766","liver-1-neg-54-44","case",-2.05101155010195,5.65638089262213
"767","liver-1-neg-54-45","case",-0.904993974776223,1.06345817277467
"768","liver-1-neg-54-46","case",0.54986589169456,4.30492335205607
"769","liver-1-neg-54-47","case",3.98972388279217,3.97427537941015
"770","liver-1-neg-54-48","case",0.212102847952898,3.29743133040139
"771","liver-1-neg-54-49","case",0.0992749758517821,0.66935686887361
"772","liver-1-neg-54-50","case",0.103475610003395,-0.0923182873107841
"773","liver-1-neg-54-51","case",0.339071289095018,-0.59038077631986
"774","liver-1-neg-54-52","case",-2.58755665076266,-2.53502558906283
"775","liver-1-neg-54-53","case",-3.13084582998932,-2.09932514446373
"776","liver-1-neg-54-54","case",4.56419555139488,3.90260979284119
"777","liver-1-neg-54-55","case",-1.46177243453127,-0.0155349400659382
"778","liver-1-neg-54-56","case",-5.46867321844762,-1.15429028340044
"779","liver-1-neg-54-57","case",-3.69876836258476,-0.291423489071617
"780","liver-1-neg-54-58","case",1.6898674095736,3.78022604906378
"781","liver-1-neg-54-59","case",-7.71171891584495,-3.25094894609382
"782","liver-1-neg-55-10","control",5.38833498786149,2.55439243363169
"783","liver-1-neg-55-13","case",-3.43648151288262,5.80130543963665
"784","liver-1-neg-55-19","control",5.25416060687141,1.12987641745211
"785","liver-1-neg-55-20","control",15.31457933836,3.74711951361114
"786","liver-1-neg-55-21","control",11.3573645269183,3.23738469124018
"787","liver-1-neg-55-22","control",5.31235464916692,-1.01457566946541
"788","liver-1-neg-55-23","control",11.7361790816695,-1.59635982190365
"789","liver-1-neg-55-24","control",9.21981070351058,-2.96277883229739
"790","liver-1-neg-55-25","control",11.8306330516468,-5.37848054574323
"791","liver-1-neg-55-26","control",6.21428653995528,-0.390251180373455
"792","liver-1-neg-55-27","control",5.53155877053412,0.987979147240353
"793","liver-1-neg-55-41","case",1.44819499261244,-0.662974579244697
"794","liver-1-neg-55-42","case",-0.499176941539723,4.22513719646485
"795","liver-1-neg-55-43","case",4.59227021183905,2.30223920183399
"796","liver-1-neg-55-44","case",2.25726196558961,3.89756063371993
"797","liver-1-neg-55-45","case",-2.43285547924514,3.09788156876798
"798","liver-1-neg-55-46","case",-0.190272375506121,7.24453738991567
"799","liver-1-neg-55-47","case",0.102698415202507,5.60469735237707
"800","liver-1-neg-55-48","case",2.19211651540226,4.57679715860192
"801","liver-1-neg-55-49","case",0.472656199490809,0.0492021594494644
"802","liver-1-neg-55-50","case",4.62800828589229,1.74603771029251
"803","liver-1-neg-55-51","case",0.776360479436192,-2.19719757467625
"804","liver-1-neg-55-52","case",-2.24447964676229,0.631176966055984
"805","liver-1-neg-55-53","case",-2.95055838239633,-0.604592733076085
"806","liver-1-neg-55-54","case",-2.85325694913713,-0.61769958761787
"807","liver-1-neg-55-55","case",-0.290545802106217,-2.13486886139616
"808","liver-1-neg-55-56","case",-5.15303687415084,-1.74287286003959
"809","liver-1-neg-55-57","case",-6.43476764568795,3.06082254662788
"810","liver-1-neg-55-58","case",0.205914896959363,-2.16626561958328
"811","liver-1-neg-55-59","case",-4.41922344038623,-1.02176182728232
"812","liver-1-neg-56-18","control",13.9075252171416,2.25297172465015
"813","liver-1-neg-56-19","control",6.74208378171188,0.482199351576942
"814","liver-1-neg-56-20","control",9.53678834440925,4.14237944718656
"815","liver-1-neg-56-21","control",18.6382908180964,3.36597973332505
"816","liver-1-neg-56-22","control",13.908942158892,0.133666616591029
"817","liver-1-neg-56-23","control",7.07048088806638,-0.609470529421426
"818","liver-1-neg-56-24","control",8.85183268300041,2.29096952943124
"819","liver-1-neg-56-25","control",-0.359118706516546,-4.97330239279121
"820","liver-1-neg-56-26","control",5.81344455079155,-0.250236902696134
"821","liver-1-neg-56-27","control",6.01870881234047,9.7811048793896
"822","liver-1-neg-56-41","case",2.05428491292866,4.22888728290159
"823","liver-1-neg-56-42","case",2.2691726189068,2.50936518056022
"824","liver-1-neg-56-43","case",2.77371125937623,2.5644152703546
"825","liver-1-neg-56-45","case",-0.298861620817336,3.54523550325859
"826","liver-1-neg-56-46","case",-2.07793146569107,6.13461243051284
"827","liver-1-neg-56-47","case",2.92503148884901,0.790436360222373
"828","liver-1-neg-56-48","case",0.427162895605581,2.83237989130978
"829","liver-1-neg-56-49","case",0.729851937182471,3.84301030641458
"830","liver-1-neg-56-50","case",-1.4312743166855,0.125663250715641
"831","liver-1-neg-56-51","case",2.77324189139615,0.000114768751222516
"832","liver-1-neg-56-52","case",-4.64796739032569,-2.92750018138702
"833","liver-1-neg-56-53","case",-1.28084730421619,-3.15549201100637
"834","liver-1-neg-56-54","case",-4.10359135271934,3.891396596049
"835","liver-1-neg-56-55","case",-1.77350005659377,-2.56833419980424
"836","liver-1-neg-56-56","case",-6.91219972930769,-1.64685029338118
"837","liver-1-neg-56-57","case",-3.14561480649158,4.34664777463604
"838","liver-1-neg-56-58","case",-2.26480997169872,-0.40091408054268
"839","liver-1-neg-56-59","case",-8.75107052479194,3.72596596589778
"840","liver-1-neg-56-9","control",2.31499444811749,10.4808065118605
"841","liver-1-neg-57-19","control",9.0314245891213,-0.0291360663076905
"842","liver-1-neg-57-20","control",6.06422186494761,0.52787509946803
"843","liver-1-neg-57-21","control",-0.486504685645066,-4.83306579483627
"844","liver-1-neg-57-22","control",11.1510996327673,1.05729038873452
"845","liver-1-neg-57-23","control",3.99005152383745,2.29517600087329
"846","liver-1-neg-57-25","control",5.24192808105667,0.970860625500602
"847","liver-1-neg-57-34","case",0.133783476534701,1.7591497495217
"848","liver-1-neg-57-42","case",1.38445257867494,1.95611570894491
"849","liver-1-neg-57-43","case",1.7798292508574,2.68790169149252
"850","liver-1-neg-57-44","case",0.159749120290295,0.710936678904053
"851","liver-1-neg-57-45","case",-0.634824912353468,-0.655951829360411
"852","liver-1-neg-57-46","case",1.93891609889994,1.87208388782464
"853","liver-1-neg-57-47","case",3.63410727807841,1.2502817700989
"854","liver-1-neg-57-48","case",-1.41343411529224,1.51440940750906
"855","liver-1-neg-57-49","case",-1.3855270885284,-0.204961565642219
"856","liver-1-neg-57-50","case",-3.32373442191973,3.6287413946343
"857","liver-1-neg-57-51","case",0.261707660538795,-3.46838685170176
"858","liver-1-neg-57-52","case",-3.38801752713881,-0.758723996266581
"859","liver-1-neg-57-53","case",-0.258725250942521,-1.50006243528694
"860","liver-1-neg-57-54","case",0.32770110423787,1.9500380966129
"861","liver-1-neg-57-55","case",-1.82542922576637,1.88582030795922
"862","liver-1-neg-57-56","case",-3.08144999845649,-1.39673600534019
"863","liver-1-neg-57-57","case",-8.56333114556049,1.07956322596708
"864","liver-1-neg-57-58","case",-2.88964950321851,-2.92507348617159
"865","liver-1-neg-57-59","case",-8.14005250638624,7.22609775383829
"866","liver-1-neg-58-20","control",10.7237356725001,1.68763798313491
"867","liver-1-neg-58-21","control",10.2062631985575,3.37785418983509
"868","liver-1-neg-58-22","control",7.42481994130673,-1.23880354359968
"869","liver-1-neg-58-25","control",4.15561474802971,6.36864139854187
"870","liver-1-neg-58-27","control",10.64397629769,-2.99461398346567
"871","liver-1-neg-58-38","case",2.78505441398576,-1.69157572457518
"872","liver-1-neg-58-42","case",-0.58543984360155,5.00976671772417
"873","liver-1-neg-58-43","case",1.45609064976647,-2.44133241025492
"874","liver-1-neg-58-44","case",2.00353219671841,-1.10991209414998
"875","liver-1-neg-58-45","case",-1.76921057782963,-0.955463595462722
"876","liver-1-neg-58-46","case",-3.97639428022628,-1.31881286582843
"877","liver-1-neg-58-47","case",-2.07717094513453,0.650923158402107
"878","liver-1-neg-58-48","case",0.471005930452538,1.62811923310465
"879","liver-1-neg-58-49","case",-0.645115945205134,0.0978025790153799
"880","liver-1-neg-58-50","case",-2.39782834265307,4.13772624202584
"881","liver-1-neg-58-51","case",-0.955238937778651,-0.870022216413383
"882","liver-1-neg-58-52","case",-0.416840762999076,-0.554980774685046
"883","liver-1-neg-58-53","case",1.10568490872521,-0.849387126344054
"884","liver-1-neg-58-54","case",-1.84539565488939,0.617074282784317
"885","liver-1-neg-58-55","case",2.58090443130292,5.86959551767122
"886","liver-1-neg-58-56","case",-3.65033298370196,1.08666683080464
"887","liver-1-neg-58-57","case",-4.36728049673062,1.6026941281035
"888","liver-1-neg-58-58","case",-1.95375051903386,-3.70541110361395
"889","liver-1-neg-58-59","case",0.504959630656134,-3.54481625983706
"890","liver-1-neg-59-20","control",5.83320805692313,2.74679438394516
"891","liver-1-neg-59-21","control",6.49238592731901,0.124776792074778
"892","liver-1-neg-59-22","control",12.7052624080299,3.36494018684155
"893","liver-1-neg-59-25","control",18.2375598805958,3.97939422236681
"894","liver-1-neg-59-26","control",9.97353016179785,0.764767786918978
"895","liver-1-neg-59-38","case",1.82544988852864,-0.925931721347473
"896","liver-1-neg-59-43","case",1.48316918463516,2.78638238253713
"897","liver-1-neg-59-44","case",-1.843318162345,3.56284637238502
"898","liver-1-neg-59-45","case",-1.18934515632101,-0.844860950053815
"899","liver-1-neg-59-46","case",-3.53557506831144,-4.27715902859076
"900","liver-1-neg-59-47","case",-5.76277854942681,-2.5192630640463
"901","liver-1-neg-59-48","case",-0.906564864538157,1.98162583508694
"902","liver-1-neg-59-49","case",2.73466033208612,2.33226484845847
"903","liver-1-neg-59-52","case",2.04857746414258,2.59202530944508
"904","liver-1-neg-59-53","case",1.59931731717789,1.47023161929108
"905","liver-1-neg-59-54","case",-0.426531458850633,-1.34178815808594
"906","liver-1-neg-59-55","case",-1.24186885694101,2.35858515527634
"907","liver-1-neg-59-56","case",-4.96298071879028,0.686064119847407
"908","liver-1-neg-59-57","case",-6.47698403005521,3.0641914653563
"909","liver-1-neg-59-58","case",-2.65632025884015,-1.60774761106331
"910","liver-1-neg-59-59","case",0.336717409920247,-8.88997199497757
"911","liver-1-neg-59-9","case",-6.5158748752175,11.4146529846458
"912","liver-1-neg-6-10","case",-15.5126488132909,3.16026223460082
"913","liver-1-neg-6-8","case",-16.8189655532212,4.35021335861582
"914","liver-1-neg-6-9","case",-13.0481114861629,0.636402501844381
"915","liver-1-neg-60-10","case",-3.7261041095467,2.53655223651077
"916","liver-1-neg-60-19","control",6.92216069689928,2.73017556603166
"917","liver-1-neg-60-20","control",8.20205818194331,-2.3205946201676
"918","liver-1-neg-60-21","control",6.08530558546697,-1.23661995113247
"919","liver-1-neg-60-22","control",9.76536527361454,3.3717366640312
"920","liver-1-neg-60-24","case",-1.0777625405324,-2.93578122049772
"921","liver-1-neg-60-28","control",10.1172220187722,1.06387194562445
"922","liver-1-neg-60-29","control",6.79752497384992,0.0963106681286554
"923","liver-1-neg-60-32","case",4.99520743812294,-0.347813355994454
"924","liver-1-neg-60-33","case",2.66034716422441,4.05922089031965
"925","liver-1-neg-60-38","case",1.64930595671181,3.24956283599253
"926","liver-1-neg-60-39","case",2.96607116397407,-3.60900925108969
"927","liver-1-neg-60-43","case",2.26078139170268,1.58790220911829
"928","liver-1-neg-60-44","case",0.656315754333377,1.17325135413665
"929","liver-1-neg-60-45","case",3.07405598435147,0.360408328410584
"930","liver-1-neg-60-46","case",-0.861776119991589,-3.05668830718278
"931","liver-1-neg-60-47","case",-2.1745942163426,-0.472518334463198
"932","liver-1-neg-60-48","case",-1.02920276046409,1.7466621393881
"933","liver-1-neg-60-49","case",0.930865108696809,3.99709182154178
"934","liver-1-neg-60-52","case",3.51977935071771,5.17510870728323
"935","liver-1-neg-60-53","case",1.09324794012501,0.52511805273747
"936","liver-1-neg-60-54","case",0.0190642924338607,1.32865978752432
"937","liver-1-neg-60-55","case",-1.03284900491991,2.32104730262469
"938","liver-1-neg-60-56","case",-4.83975716942763,-1.64979317430668
"939","liver-1-neg-60-57","case",-4.54523750581891,-1.55548319251643
"940","liver-1-neg-60-58","case",0.84706712220636,1.82909652289859
"941","liver-1-neg-60-59","case",-0.609026177405939,-7.5506703892904
"942","liver-1-neg-60-9","case",-13.4648966803694,9.16455789294934
"943","liver-1-neg-61-18","control",5.23229108043423,1.93486148313573
"944","liver-1-neg-61-19","control",5.04839175389743,4.03408541574851
"945","liver-1-neg-61-20","control",5.81131534061783,0.75869728480332
"946","liver-1-neg-61-21","control",6.98076511678218,-0.0490670868215828
"947","liver-1-neg-61-22","control",8.40023701151704,5.0726786001196
"948","liver-1-neg-61-28","control",12.6507564576402,2.06267002166119
"949","liver-1-neg-61-29","control",10.1136494245726,1.23928039015529
"950","liver-1-neg-61-31","case",1.88576908913319,-0.271966156349286
"951","liver-1-neg-61-32","case",-0.602518600165253,-4.32519304983069
"952","liver-1-neg-61-33","case",5.29743214091012,-0.417029874571253
"953","liver-1-neg-61-42","case",-4.75812109370815,3.48828336041231
"954","liver-1-neg-61-46","case",2.88673513912049,-1.22884078669784
"955","liver-1-neg-61-47","case",0.701050069363139,0.294376993332578
"956","liver-1-neg-61-48","case",2.72880782191547,5.08639791356195
"957","liver-1-neg-61-49","case",0.146244531160346,1.88547337284724
"958","liver-1-neg-61-51","case",0.0957642105769407,-1.24245594078882
"959","liver-1-neg-61-52","case",-1.70346691688131,-0.0812613937179218
"960","liver-1-neg-61-53","case",3.84636829507043,1.99429380515597
"961","liver-1-neg-61-54","case",-3.309871785338,1.29796406443101
"962","liver-1-neg-61-55","case",-0.391092075047568,1.93805159560093
"963","liver-1-neg-61-56","case",-3.96771995722694,0.330048002052261
"964","liver-1-neg-61-57","case",-2.41472691311094,-4.2095571651677
"965","liver-1-neg-61-58","case",0.276196503729533,-2.69778948219617
"966","liver-1-neg-61-59","case",-0.114580280375191,-5.33480863927313
"967","liver-1-neg-61-9","case",-6.25975650347207,9.40094717397854
"968","liver-1-neg-62-19","control",3.78325986836016,-0.228368932212374
"969","liver-1-neg-62-20","control",6.49651870956547,-2.0808484100429
"970","liver-1-neg-62-21","control",6.81733677682516,-0.257015501282313
"971","liver-1-neg-62-22","control",6.19304628737094,-1.90097689315537
"972","liver-1-neg-62-28","control",7.18976348743458,-1.25746547877442
"973","liver-1-neg-62-29","control",13.0863355779052,7.4191237545258
"974","liver-1-neg-62-31","case",-0.0602172951852556,-3.61661179875541
"975","liver-1-neg-62-32","case",3.42398107995454,0.0470864901863605
"976","liver-1-neg-62-46","case",-0.771011853582444,-0.0697983765896374
"977","liver-1-neg-62-47","case",-0.281666632677089,0.523553369602262
"978","liver-1-neg-62-48","case",-0.298076195457213,3.20481824877892
"979","liver-1-neg-62-49","case",-1.07954933952058,3.08614698914067
"980","liver-1-neg-62-50","case",-0.713629897780001,1.411767389744
"981","liver-1-neg-62-51","case",1.65813750898808,2.20197095435935
"982","liver-1-neg-62-52","case",-0.435738259499415,-1.31535276351918
"983","liver-1-neg-62-54","case",-0.548075299842579,0.79063640947063
"984","liver-1-neg-62-55","case",-0.295052718257107,-0.929565980364935
"985","liver-1-neg-62-56","case",-0.959787852434447,5.47056564825803
"986","liver-1-neg-62-57","case",0.988878483633448,-1.41769758230981
"987","liver-1-neg-62-58","case",1.5457317711906,4.79447869471981
"988","liver-1-neg-62-59","case",2.33812694747867,-6.44148720568685
"989","liver-1-neg-62-9","case",-3.00796875191024,11.4162043438485
"990","liver-1-neg-63-10","case",-4.69439728401662,8.79720578306668
"991","liver-1-neg-63-21","case",-6.60966365240919,-1.66571803480169
"992","liver-1-neg-63-22","case",3.42774423134045,-0.542985931967969
"993","liver-1-neg-63-23","control",2.18017193017266,3.47170667360103
"994","liver-1-neg-63-24","control",7.02669820388032,1.06237206377821
"995","liver-1-neg-63-28","control",4.87652858139008,-2.56812636421788
"996","liver-1-neg-63-29","control",7.1133217606219,-0.384156119796827
"997","liver-1-neg-63-47","case",-4.63791598349221,4.44184029365148
"998","liver-1-neg-63-48","case",-1.74397453755088,3.98802383640749
"999","liver-1-neg-63-49","case",4.92026094790308,-0.53538684673008
"1000","liver-1-neg-63-50","case",-3.21716227063681,-0.454338348561044
"1001","liver-1-neg-63-51","case",1.44881505708788,-1.99114920481041
"1002","liver-1-neg-63-52","case",-0.541009449386347,-2.08724111364026
"1003","liver-1-neg-63-53","case",3.74789862322076,4.73032044661209
"1004","liver-1-neg-63-54","case",0.904672797851772,0.189149721421553
"1005","liver-1-neg-63-55","case",-3.39711960754529,-0.491169130508981
"1006","liver-1-neg-63-56","case",-3.56411705422077,3.27156459584158
"1007","liver-1-neg-63-57","case",-1.53287839769818,-0.801377984418174
"1008","liver-1-neg-63-58","case",-0.272300049166317,-0.524058880801192
"1009","liver-1-neg-63-9","case",-5.80875526980172,10.3762091927673
"1010","liver-1-neg-64-10","case",-10.7936054355062,5.31311498764639
"1011","liver-1-neg-64-14","control",3.18608518064423,3.31088357474381
"1012","liver-1-neg-64-15","control",2.25249947271661,3.8709478360719
"1013","liver-1-neg-64-20","case",2.08233194385671,-0.274469097815884
"1014","liver-1-neg-64-21","case",-15.8525423104839,-5.30411795210059
"1015","liver-1-neg-64-22","case",2.50155907687394,4.06030591211314
"1016","liver-1-neg-64-23","control",1.02541381952992,5.23303071721286
"1017","liver-1-neg-64-24","control",7.86174642033123,1.38338729044615
"1018","liver-1-neg-64-27","case",5.10058651980587,-0.909490715160836
"1019","liver-1-neg-64-28","control",4.99219429640808,-1.28295946735466
"1020","liver-1-neg-64-29","control",5.38000222873089,-3.3468129162724
"1021","liver-1-neg-64-30","control",4.28742938128631,0.28647871208943
"1022","liver-1-neg-64-31","case",5.85427645288787,0.000854638503166416
"1023","liver-1-neg-64-32","case",7.08896178434055,0.236235881090864
"1024","liver-1-neg-64-33","case",3.93408171354766,-1.65681867167349
"1025","liver-1-neg-64-34","case",4.68387918503854,-3.1397735006493
"1026","liver-1-neg-64-42","case",0.902256898752802,1.63232238446215
"1027","liver-1-neg-64-47","case",-3.07617226569957,0.856918010144237
"1028","liver-1-neg-64-48","case",2.49405154600231,2.9981693392207
"1029","liver-1-neg-64-50","case",-2.33338618637484,-2.53291027045094
"1030","liver-1-neg-64-51","case",1.33619587403301,0.0633916475699411
"1031","liver-1-neg-64-52","case",0.076345655132661,-1.20065983136244
"1032","liver-1-neg-64-53","case",1.09272486310853,-0.205125180306141
"1033","liver-1-neg-64-54","case",-0.155956959890611,-1.55306747194467
"1034","liver-1-neg-64-55","case",1.91875125247235,2.42734325709788
"1035","liver-1-neg-64-56","case",0.290618328603033,0.302939316637706
"1036","liver-1-neg-64-57","case",-1.32166830636634,-1.57554187608458
"1037","liver-1-neg-64-58","case",2.53576623064695,0.258803013146233
"1038","liver-1-neg-64-9","case",-7.45416526032063,6.17719123968716
"1039","liver-1-neg-65-10","case",-5.49572359881718,8.9392902714606
"1040","liver-1-neg-65-11","case",0.0981625839536309,-2.17868692640309
"1041","liver-1-neg-65-14","control",-0.554368221480597,6.62036010198677
"1042","liver-1-neg-65-15","control",6.15922851515695,8.43875565615419
"1043","liver-1-neg-65-20","case",3.18047167923791,1.38213663063607
"1044","liver-1-neg-65-21","case",-12.091448982798,-2.22352756521623
"1045","liver-1-neg-65-22","case",1.10337816401705,7.61593474912329
"1046","liver-1-neg-65-23","control",9.33938029885944,2.71889982525253
"1047","liver-1-neg-65-24","control",9.77772164883504,2.54867289631236
"1048","liver-1-neg-65-28","control",1.17975419744918,-1.6560951310202
"1049","liver-1-neg-65-29","control",5.71944430360564,3.02813938839892
"1050","liver-1-neg-65-30","control",3.48601669547982,2.73687219952518
"1051","liver-1-neg-65-31","case",5.64179381821662,-0.48053728237122
"1052","liver-1-neg-65-32","case",5.0248760228572,-2.14000005821618
"1053","liver-1-neg-65-33","case",2.65931426826983,-3.39508972029736
"1054","liver-1-neg-65-34","case",5.79638837926701,-1.80617405085606
"1055","liver-1-neg-65-35","control",6.95756419430996,-1.15977626771149
"1056","liver-1-neg-65-36","control",6.75759929341633,-1.10227621933081
"1057","liver-1-neg-65-39","case",-0.19943856227961,4.35844288448098
"1058","liver-1-neg-65-41","case",2.72309074046907,3.5542312829732
"1059","liver-1-neg-65-42","case",-3.8499145859027,5.56148287895089
"1060","liver-1-neg-65-46","case",-6.97716664110816,-1.31137191659676
"1061","liver-1-neg-65-47","case",0.134924137974322,0.815720414033314
"1062","liver-1-neg-65-48","case",-0.330970175936887,2.24181942857089
"1063","liver-1-neg-65-52","case",-0.184233031423319,-0.779962651411195
"1064","liver-1-neg-65-53","case",1.47523550106318,-2.52807665222585
"1065","liver-1-neg-65-54","case",-1.16030904717796,0.753411241073056
"1066","liver-1-neg-65-55","case",0.948865669623672,-4.29172006873572
"1067","liver-1-neg-65-56","case",2.68944266211693,5.50118489495362
"1068","liver-1-neg-65-57","case",0.963452108497489,-2.58699994649358
"1069","liver-1-neg-65-58","case",1.61149702016024,-5.0065107371146
"1070","liver-1-neg-65-59","case",-6.77554237662303,3.23249208703568
"1071","liver-1-neg-65-9","case",-9.82952180785824,3.95898860832639
"1072","liver-1-neg-66-10","case",-4.02318299107882,6.3997112669522
"1073","liver-1-neg-66-11","case",-0.735187360602016,0.693551852268846
"1074","liver-1-neg-66-12","case",0.382751901010235,6.39973543038275
"1075","liver-1-neg-66-13","case",-1.42423532862952,4.83846154216387
"1076","liver-1-neg-66-14","control",3.76971416190959,6.27427670870237
"1077","liver-1-neg-66-15","control",4.06958431844942,3.22885219871575
"1078","liver-1-neg-66-20","case",2.1891658399376,1.56409395427089
"1079","liver-1-neg-66-21","case",-10.8965338611625,-4.43102206937954
"1080","liver-1-neg-66-22","case",1.60849129021959,4.5958582174269
"1081","liver-1-neg-66-23","control",11.5275258315944,2.19849378470953
"1082","liver-1-neg-66-26","control",10.7262743543945,2.93057644953993
"1083","liver-1-neg-66-27","control",7.03853525639929,0.288540205986782
"1084","liver-1-neg-66-28","control",2.45797061275505,-1.66488528190669
"1085","liver-1-neg-66-29","control",1.4093118001602,2.3713784629416
"1086","liver-1-neg-66-30","control",0.306218155900831,2.18455656741247
"1087","liver-1-neg-66-31","case",4.15986647897383,3.19075215552534
"1088","liver-1-neg-66-32","case",3.82915691758607,-1.11047999982264
"1089","liver-1-neg-66-33","case",5.26104320901103,-1.07953227071661
"1090","liver-1-neg-66-34","case",0.895809211060534,3.82864442186213
"1091","liver-1-neg-66-35","case",3.55656573462317,0.296603183692989
"1092","liver-1-neg-66-36","control",7.46365512511313,0.955932874855323
"1093","liver-1-neg-66-41","case",3.64402771240545,3.23627902986997
"1094","liver-1-neg-66-42","case",-2.4334613009649,1.53717637479557
"1095","liver-1-neg-66-45","case",-3.8286841491005,-1.3898860249491
"1096","liver-1-neg-66-46","case",0.501168054135278,-0.0961278000605911
"1097","liver-1-neg-66-47","case",-1.73573480104827,2.81168823560671
"1098","liver-1-neg-66-48","case",-2.92191567421536,2.20881893804131
"1099","liver-1-neg-66-52","case",-1.53467077911272,0.897222068469665
"1100","liver-1-neg-66-53","case",-2.46796346785575,-1.96877874011771
"1101","liver-1-neg-66-54","case",0.979468386977383,-1.16551195980909
"1102","liver-1-neg-66-55","case",1.99290679246366,5.48526087919455
"1103","liver-1-neg-66-56","case",2.39441403081988,1.39502978542498
"1104","liver-1-neg-66-57","case",-2.41778468838505,1.15862656660385
"1105","liver-1-neg-66-58","case",-0.748141671316347,-0.502496219325288
"1106","liver-1-neg-66-59","case",2.47924308244326,-1.45757901878669
"1107","liver-1-neg-66-9","case",-4.44743202878876,7.27422409644083
"1108","liver-1-neg-67-10","case",-8.51032938790971,8.04158013806983
"1109","liver-1-neg-67-11","case",-1.42676136078585,6.51403141562136
"1110","liver-1-neg-67-12","case",3.58492577374666,4.15063294319005
"1111","liver-1-neg-67-13","case",-2.86750943745788,6.39309371013715
"1112","liver-1-neg-67-14","case",-7.68439284811027,1.85481426087345
"1113","liver-1-neg-67-20","control",7.22202230043955,1.69398987882272
"1114","liver-1-neg-67-21","case",-0.925307025235826,0.148962390510568
"1115","liver-1-neg-67-22","control",1.65763761422706,3.62226859513524
"1116","liver-1-neg-67-23","control",10.04676653444,2.57197866884732
"1117","liver-1-neg-67-24","control",8.76630319860475,2.78051572869902
"1118","liver-1-neg-67-26","control",5.66638064966043,4.88569239309248
"1119","liver-1-neg-67-27","control",8.36641543396563,0.222978123738634
"1120","liver-1-neg-67-28","control",11.5261447926729,3.29529208770757
"1121","liver-1-neg-67-29","control",3.97356843370735,4.18645875021291
"1122","liver-1-neg-67-30","control",3.31784435129339,1.91396839346296
"1123","liver-1-neg-67-31","case",1.77345264171257,-0.0380819364098715
"1124","liver-1-neg-67-32","case",2.43376948710071,-2.02153695804071
"1125","liver-1-neg-67-33","case",2.22585654043954,3.16680878858214
"1126","liver-1-neg-67-34","case",3.54906495711894,0.0222987867200748
"1127","liver-1-neg-67-35","case",-10.1794351044114,-1.8875624950446
"1128","liver-1-neg-67-36","control",4.22891020037228,-1.00044486104708
"1129","liver-1-neg-67-37","control",8.27855909606182,10.8727437535317
"1130","liver-1-neg-67-42","case",-1.14356504449227,0.593068864509546
"1131","liver-1-neg-67-44","case",1.8066187610066,0.0212401170696516
"1132","liver-1-neg-67-45","case",-1.59250764183769,-1.08832063203244
"1133","liver-1-neg-67-46","case",0.810898085114897,1.66285027708245
"1134","liver-1-neg-67-52","case",1.80594359475617,-2.92877886528343
"1135","liver-1-neg-67-53","case",0.933495304486934,-0.158026512541517
"1136","liver-1-neg-67-54","case",-0.708481979516889,2.27154013326154
"1137","liver-1-neg-67-55","case",-1.00713865567417,2.00181932196468
"1138","liver-1-neg-67-56","case",-2.21651265634663,-1.51405424416176
"1139","liver-1-neg-67-57","case",-0.919254120351978,1.39186676538321
"1140","liver-1-neg-67-58","case",0.288604540280128,-3.34407608350038
"1141","liver-1-neg-67-59","case",1.72500858242595,-2.39845086920229
"1142","liver-1-neg-67-9","case",-12.9878602856208,4.6359666467644
"1143","liver-1-neg-68-10","case",-5.43074142271245,1.93163783949628
"1144","liver-1-neg-68-11","case",-2.15974959575228,2.37884547265943
"1145","liver-1-neg-68-12","case",0.191965482103462,1.55555636302389
"1146","liver-1-neg-68-13","case",-1.89741632874121,3.11010673086546
"1147","liver-1-neg-68-14","case",-0.988400119149142,3.17801199914043
"1148","liver-1-neg-68-22","control",7.42653573384414,8.50710290738059
"1149","liver-1-neg-68-23","control",10.8147167552723,-0.842618983479517
"1150","liver-1-neg-68-24","control",9.24317551354278,2.73766616179614
"1151","liver-1-neg-68-26","control",10.7975258228497,-0.834873320634078
"1152","liver-1-neg-68-27","control",6.88913460504418,2.74712109086157
"1153","liver-1-neg-68-28","control",4.02805167526683,2.77939336946475
"1154","liver-1-neg-68-29","control",1.9394485974537,4.16942399761913
"1155","liver-1-neg-68-30","case",6.77757917722584,0.400250747198307
"1156","liver-1-neg-68-31","case",-5.38187504574079,-2.43850215321978
"1157","liver-1-neg-68-32","case",5.92751296442647,-3.93293375768236
"1158","liver-1-neg-68-33","control",6.11379242559712,-3.82814253831174
"1159","liver-1-neg-68-34","control",6.26411608769953,-0.0668173291325358
"1160","liver-1-neg-68-35","case",-11.4736775582928,-2.10065367611247
"1161","liver-1-neg-68-36","case",5.50611937351385,-1.83659990701177
"1162","liver-1-neg-68-37","control",2.84755420042379,3.48793111914999
"1163","liver-1-neg-68-38","control",3.36431861505548,0.323595870631751
"1164","liver-1-neg-68-40","control",1.66004131249978,-1.62314249685474
"1165","liver-1-neg-68-45","case",5.08255433031183,0.717590330532171
"1166","liver-1-neg-68-51","case",0.175620636110962,-1.46177090810919
"1167","liver-1-neg-68-52","case",-3.84924067146967,-0.3555375737461
"1168","liver-1-neg-68-53","case",-0.769897713426188,3.04019276676674
"1169","liver-1-neg-68-54","case",2.31258283938509,-1.3869928164156
"1170","liver-1-neg-68-55","case",1.2762847235943,1.00552054219753
"1171","liver-1-neg-68-56","case",-3.26721996706765,0.547557001414852
"1172","liver-1-neg-68-57","case",-3.87169024727006,0.0640828498449877
"1173","liver-1-neg-69-10","case",-3.83805311696904,7.861958683926
"1174","liver-1-neg-69-11","case",-9.16803613633557,3.44853769027893
"1175","liver-1-neg-69-12","case",-15.0626168357069,3.56587011157112
"1176","liver-1-neg-69-13","case",-18.2960610686875,5.86753200600349
"1177","liver-1-neg-69-22","case",-12.502404973769,5.38394930407824
"1178","liver-1-neg-69-23","case",-4.16136045998795,4.56325342376626
"1179","liver-1-neg-69-24","case",0.815270242082783,0.37490895899157
"1180","liver-1-neg-69-25","case",-14.1780093698977,-1.18495854660897
"1181","liver-1-neg-69-26","case",-2.94084431146727,2.12106061831157
"1182","liver-1-neg-69-27","control",5.04219746587712,6.01100167431105
"1183","liver-1-neg-69-28","control",6.43266037110545,0.448063763107955
"1184","liver-1-neg-69-30","case",5.82414228102122,-4.95131723741833
"1185","liver-1-neg-69-31","case",2.25735488692601,4.72750149384007
"1186","liver-1-neg-69-32","case",5.83043982693191,1.52363285502366
"1187","liver-1-neg-69-33","case",6.63199514644178,3.13528786342445
"1188","liver-1-neg-69-34","control",10.0773832926471,-2.41744361223364
"1189","liver-1-neg-69-35","case",3.68453384155469,-0.0894762745754712
"1190","liver-1-neg-69-36","case",6.13104449025138,-1.85411592998714
"1191","liver-1-neg-69-37","case",5.19502850104352,-2.77360080201218
"1192","liver-1-neg-69-38","case",3.52773444489208,-3.01611361048039
"1193","liver-1-neg-69-39","control",3.81091734877223,-0.216962745507719
"1194","liver-1-neg-69-40","control",7.59229132974906,1.41962425808272
"1195","liver-1-neg-69-45","case",3.9918714843717,-0.374527035737428
"1196","liver-1-neg-69-46","case",-1.71367818145418,1.84305043791016
"1197","liver-1-neg-69-47","case",4.96077292423849,2.8898623625451
"1198","liver-1-neg-69-48","case",5.25906433076872,0.558899986734683
"1199","liver-1-neg-69-49","case",3.17000988683827,3.81414443798321
"1200","liver-1-neg-69-50","case",0.76012602728171,0.0829893091585882
"1201","liver-1-neg-69-51","case",1.73321590771923,-0.640997070793379
"1202","liver-1-neg-69-52","case",-0.797788209226667,-0.582469121803016
"1203","liver-1-neg-69-53","case",-1.4752816126883,6.23733971148561
"1204","liver-1-neg-69-54","case",2.8489140398939,3.53200428709818
"1205","liver-1-neg-69-55","case",3.91900212681453,5.41453874510467
"1206","liver-1-neg-69-56","case",1.16527494416035,-1.10750292530895
"1207","liver-1-neg-69-57","case",-1.1754318434066,1.76195137557885
"1208","liver-1-neg-7-10","control",13.8774711992134,7.88413507108483
"1209","liver-1-neg-7-25","case",-7.28366824176577,2.96068191634891
"1210","liver-1-neg-7-26","control",-9.89442946556131,-5.95764534144531
"1211","liver-1-neg-7-29","case",-10.8030566809193,-1.60034148640439
"1212","liver-1-neg-7-30","case",-17.3542299492586,3.67924372178525
"1213","liver-1-neg-7-37","case",-8.2025180396317,-6.34368845378845
"1214","liver-1-neg-7-7","control",11.6620939179085,8.19981353412924
"1215","liver-1-neg-7-9","control",7.7643549749124,7.10998700623449
"1216","liver-1-neg-70-31","case",-13.7718988760277,1.92067431393808
"1217","liver-1-neg-70-32","case",-15.3967577014074,4.1546789056396
"1218","liver-1-neg-70-33","case",-10.144986332662,4.30533597906135
"1219","liver-1-neg-70-34","case",-8.63712880509649,5.48041678182589
"1220","liver-1-neg-70-35","case",-9.20134901660757,3.44063839664925
"1221","liver-1-neg-70-36","case",-4.93148539071874,-1.62988400883952
"1222","liver-1-neg-70-37","case",-9.3755817510271,-3.13904612651232
"1223","liver-1-neg-70-38","case",-7.61500147334732,-5.62064709315667
"1224","liver-1-neg-70-39","case",-8.67443207813533,2.42477822683701
"1225","liver-1-neg-70-40","case",-8.96244566578378,2.83247815845162
"1226","liver-1-neg-70-41","case",-0.178801383148345,2.32466606429661
"1227","liver-1-neg-70-42","case",-14.2366520931353,2.1327859976243
"1228","liver-1-neg-70-43","case",-10.5405204928435,3.19161335703084
"1229","liver-1-neg-70-44","case",-0.698376810756306,-8.42088414015873
"1230","liver-1-neg-70-45","case",-7.26369239151046,0.403094231102781
"1231","liver-1-neg-70-46","case",-9.77069447747436,3.92125879079448
"1232","liver-1-neg-70-47","case",-18.0895297910686,2.62189702750625
"1233","liver-1-neg-70-48","case",-15.5791852513966,5.45222488195703
"1234","liver-1-neg-70-49","case",-14.259304185738,0.334275070586355
"1235","liver-1-neg-70-50","case",-19.4053707438028,4.33142923225619
"1236","liver-1-neg-70-51","case",-16.6151679178915,-1.82014541656786
"1237","liver-1-neg-70-52","case",-13.4540392499316,-1.31268074119861
"1238","liver-1-neg-70-53","case",-12.8115508439143,3.73993009067221
"1239","liver-1-neg-70-54","case",-9.79920159054821,6.58378656719673
"1240","liver-1-neg-70-55","case",-3.14379359960281,5.15097341792205
"1241","liver-1-neg-70-56","case",0.264072122907469,-0.00769378263088683
"1242","liver-1-neg-70-57","case",-3.84574072636161,3.68647754848152
"1243","liver-1-neg-70-58","case",-0.36002348939706,3.93670476754789
"1244","liver-1-neg-8-50","case",1.89238677627015,2.85681305969398
"1245","liver-1-neg-8-51","case",-16.3414785904627,0.497495719665632
"1246","liver-1-neg-8-52","case",-11.9822771018385,-4.12642746495552
"1247","liver-1-neg-8-53","case",-4.354314709082,7.93014741972124
"1248","liver-1-neg-9-52","case",-10.4617981014746,-4.71322383032147
