"","PC1","PC2","var"
"72.99403",0.0142181802330699,-0.00165441408136703,"72.99403"
"73.02984",0.0170584202106547,-0.0542222089513968,"73.02984"
"74.02522",0.0165794055151788,-0.0339616353406455,"74.02522"
"75.00922",-0.000992476046738827,-0.0527649962291067,"75.00922"
"80.02805",-3.86910033217079e-05,-0.00814830192233634,"80.02805"
"83.01472",0.00766219284773376,-0.0224666674296719,"83.01472"
"83.05012",0.010958432906834,0.00376954234786409,"83.05012"
"88.04100",0.0234675720524931,-0.0454142594747829,"88.04100"
"89.02566",0.0481793709346479,-0.114011524301138,"89.02566"
"91.02995",0.00515331811244983,-0.0306828619048123,"91.02995"
"91.05633",0.00760415900540503,-0.0045405448448031,"91.05633"
"92.02657",0.020223983541142,-0.0347507843278989,"92.02657"
"93.03657",0.002723310412865,-0.0182275382727426,"93.03657"
"96.97024",0.0400609609740581,-0.13796092111818,"96.97024"
"99.00965",-0.000626415530332805,-0.03842197182244,"99.00965"
"99.04699",0.026213545206179,-0.00906713356887869,"99.04699"
"101.02600",0.0301752233575068,-0.0521203205049022,"101.02600"
"101.07306",0.0181172758769251,-0.0237608846066102,"101.07306"
"102.05657",0.0248929818720366,-0.0995049354517868,"102.05657"
"102.95803",0.00705979854029534,-0.00327022611981897,"102.95803"
"103.04137",0.0277773975699503,-0.0255110955890442,"103.04137"
"104.03596",0.016201781798365,-0.0545408988186836,"104.03596"
"106.98098",0.0154892647512827,-0.0169473906906906,"106.98098"
"108.02186",0.0286147730521162,-0.0282169834716598,"108.02186"
"109.04122",0.0195930440986175,-0.0606403958511115,"109.04122"
"109.06645",0.0218456197597419,-0.000719122663049421,"109.06645"
"110.02515",0.0110534178466864,-0.0202910790782717,"110.02515"
"111.01014",0.0173452378768063,-0.0158532318711131,"111.01014"
"111.02114",0.00797678292223788,-0.0193756985176713,"111.02114"
"113.02579",0.0205733759844214,-0.0687617035980905,"113.02579"
"114.05695",0.00457270139955355,-0.0167934418876734,"114.05695"
"114.93623",0.00333065868016297,0.000144764414094864,"114.93623"
"115.00463",0.0543042390243779,-0.117706950244252,"115.00463"
"115.02309",0.0168481380254937,-0.017759494475192,"115.02309"
"116.03913",-0.00256654218109415,-0.0194918950532657,"116.03913"
"117.02102",0.0368218256640204,-0.0939736026518221,"117.02102"
"118.05262",0.0188094418406796,-0.0749099083376165,"118.05262"
"118.99409",0.0155885272279849,-0.0242453119435471,"118.99409"
"119.08730",0.0102756374039393,-0.0150984143438296,"119.08730"
"120.03949",0.0194150263220451,-0.00754769171155113,"120.03949"
"124.99195",0.00389123957239262,-0.0258882605102276,"124.99195"
"125.01257",0.0223373609515602,-0.027598801692591,"125.01257"
"125.02454",0.0165676310629835,-0.0154216645574965,"125.02454"
"125.06273",0.0136321950196729,0.00185793886043797,"125.06273"
"126.00528",0.0161466289085316,-0.0399815946214805,"126.00528"
"127.07791",0.0154734230617874,-0.0123255956473513,"127.07791"
"128.05521",0.0140689337866964,-0.0249375326406973,"128.05521"
"129.02087",0.025976436424257,-0.0499414459073953,"129.02087"
"129.03895",0.00142568157311279,-0.0319915137005714,"129.03895"
"131.03697",0.0213942200219107,-0.0387404207867331,"131.03697"
"131.04880",0.0112487306475281,-0.0330370757975164,"131.04880"
"131.08016",0.00664672326515,-0.00636160788061022,"131.08016"
"131.09087",0.00966710948704473,-0.00977857347398589,"131.09087"
"132.03203",0.0182853599787606,-0.0866685869273938,"132.03203"
"133.03365",0.0138682718275269,-0.0277939441514928,"133.03365"
"134.04797",0.0292893878725835,-0.024369317223208,"134.04797"
"135.04614",0.00644196361936232,-0.0271490403223374,"135.04614"
"137.05588",0.0123430541867564,-0.00905053164528841,"137.05588"
"137.09814",0.00104965762909716,0.0113351413686214,"137.09814"
"138.02092",0.0341109860078154,-0.0389351000414842,"138.02092"
"139.00271",0.00773113155203025,-0.0223708503086425,"139.00271"
"139.02517",0.0029525324050733,-0.0237988877885672,"139.02517"
"139.07679",0.00807498967293526,0.00447118368373721,"139.07679"
"139.11418",0.00576938503439834,-0.0198805214328304,"139.11418"
"139.98342",0.00765307034388396,-0.00979743291670849,"139.98342"
"143.00061",0.00301165992176742,-0.0653680636203891,"143.00061"
"143.03784",0.0262268239720964,-0.0507157990567129,"143.03784"
"144.00321",0.00197183879316196,-0.0314818489723993,"144.00321"
"144.04285",-0.00135509951417596,0.00290010288755444,"144.04285"
"144.06447",0.00793366162669832,-0.0386210084312009,"144.06447"
"145.04005",0.00778755980276618,-0.0252311868013123,"145.04005"
"145.06363",0.0451743423325464,-0.156712060695437,"145.06363"
"145.08923",0.0151745347406371,-0.0091450375541288,"145.08923"
"145.10226",0.00868771119069015,-0.0258796371822584,"145.10226"
"146.00119",0.00654228252204831,-0.00900638506596535,"146.00119"
"146.02619",0.0126708542008346,-0.0167761989097438,"146.02619"
"146.04740",0.0340179825205587,-0.136797214768552,"146.04740"
"146.98536",-0.00102988058393323,-0.023713996877008,"146.98536"
"147.03169",-0.00246604920032054,-0.0325385856418737,"147.03169"
"147.07125",0.0105177966297858,-0.0237517493952366,"147.07125"
"148.04385",0.0150256661349219,-0.0251902752986015,"148.04385"
"149.04690",0.0221165562930052,-0.0480879688929369,"149.04690"
"150.01937",0.00328321303091195,-0.0263472313693713,"150.01937"
"151.02795",0.0547330119313345,-0.0834659766639643,"151.02795"
"151.11315",0.0134900733488975,0.00273182130751588,"151.11315"
"152.99766",0.0155572457165743,-0.0523649861643496,"152.99766"
"153.03067",0.00984100584712027,-0.0278306805063188,"153.03067"
"153.09256",0.0270523967737369,0.00132055479903562,"153.09256"
"154.01558",-0.0084518388172012,-0.00924782887320728,"154.01558"
"154.06454",0.0418890081456568,-0.126411652423669,"154.06454"
"154.92916",0.0202246672293834,-0.0329721506569718,"154.92916"
"154.97805",0.0257233251652481,-0.0305360669160662,"154.97805"
"156.92640",0.000266025903632138,-0.0125027801090694,"156.92640"
"156.99307",0.0117018635104547,0.00219267909221393,"156.99307"
"157.03681",0.0133620105462625,-0.0190472230266945,"157.03681"
"159.03253",0.00910864433403533,-0.0263107108263199,"159.03253"
"159.04885",-0.000445744255993964,-0.00449871876588463,"159.04885"
"159.06803",0.0169094454534766,-0.00287150028036256,"159.06803"
"159.07943",0.013849368382562,-0.0220232941460502,"159.07943"
"160.01034",0.00547496122483768,-0.0300628865445332,"160.01034"
"160.06407",0.00780111165087168,-0.0353831487390632,"160.06407"
"160.96150",0.00513641262494511,-0.0196601265368502,"160.96150"
"161.99656",0.00514309510160184,-0.013306998464188,"161.99656"
"162.02847",0.0118837175897224,-0.0231410041902515,"162.02847"
"162.05153",0.00435855174955044,-0.00656530731744921,"162.05153"
"162.98450",0.0118624218537331,-0.0112501805806742,"162.98450"
"163.03893",0.00116064963401133,-0.0119743277814808,"163.03893"
"163.11403",0.0110319432431104,-0.00459901128965436,"163.11403"
"164.95737",0.0168742620914938,-0.0337500901104019,"164.95737"
"165.01573",0.0074667642629674,-0.0013752287868342,"165.01573"
"165.07313",0.00654508002310996,-0.0238431420007645,"165.07313"
"166.02014",0.00160579226331326,-0.0679922306812357,"166.02014"
"166.04904",0.0171637636506937,-0.0291965877438729,"166.04904"
"167.02308",0.0409321799530215,-0.104358401739256,"167.02308"
"167.11065",0.0190492453289589,-0.0124772143858696,"167.11065"
"167.99560",-0.00669360882968033,-0.00700610810401069,"167.99560"
"168.04541",0.014114322764437,-0.0642341518919151,"168.04541"
"168.99251",0.0179821667064932,-0.0381378015366075,"168.99251"
"169.99249",0.00674661225068836,-0.01217099783958,"169.99249"
"170.04493",-0.00110049154395901,-0.0203168202083242,"170.04493"
"171.00839",0.0251333296881737,-0.121398881798689,"171.00839"
"171.06670",0.00790565878793884,-0.00837788591228677,"171.06670"
"171.10452",0.0344184950653125,0.00761760646572206,"171.10452"
"172.00573",0.0144474291235602,-0.0309837342925487,"172.00573"
"172.10645",0.0063544968048775,0.00104371712754477,"172.10645"
"172.90100",0.0219490139999056,-0.0278931447103345,"172.90100"
"173.09168",0.0115330591555685,-0.0181878892571109,"173.09168"
"173.11980",0.0130642502624293,-0.00260445168622145,"173.11980"
"174.02226",0.0172182250140773,-0.0445731572195288,"174.02226"
"175.02712",0.067573785891997,-0.141218583502133,"175.02712"
"175.07321",0.00797805547268435,-0.0242488500498779,"175.07321"
"176.93848",0.00914012156903263,-0.0257804301799567,"176.93848"
"177.03904",0.0283994907543391,-0.0687778619407681,"177.03904"
"178.01910",0.0148855900085509,-0.0114351446247123,"178.01910"
"178.97482",0.0236191574814367,-0.0306247489731662,"178.97482"
"179.01102",0.0113908674863926,-0.00897613452496406,"179.01102"
"179.05761",0.0915722655827451,-0.055221251096815,"179.05761"
"179.10810",0.0154120698704185,0.00226283167924361,"179.10810"
"180.04065",0.0120350177771037,-0.0270119820112983,"180.04065"
"181.12550",0.0160546460694472,-0.000835203737222343,"181.12550"
"181.96855",0.0184260606133137,-0.00752815257708762,"181.96855"
"182.05780",0.0182227489323381,-0.0272396423720917,"182.05780"
"183.00374",0.0133876969492763,-0.00979325625167376,"183.00374"
"184.00390",0.0084797487118865,-0.0302796951599866,"184.00390"
"185.04663",0.00165874548202403,-0.00887748485632476,"185.04663"
"185.08414",0.0175446630373341,-0.00888858128813174,"185.08414"
"186.04712",0.00765976123137249,-0.0164470984983846,"186.04712"
"187.04491",-0.00811781800725592,-0.0175490045213259,"187.04491"
"187.07490",-0.00286071566840728,-0.052409723172426,"187.07490"
"188.06290",0.00452756036640951,-0.0135205902270883,"188.06290"
"188.09403",0.0154173751123941,-0.0222905437173033,"188.09403"
"188.98628",0.0151436960385538,-0.022238712475007,"188.98628"
"189.05924",-0.00386775146693145,-0.00290455076313181,"189.05924"
"189.08779",0.0107831390452354,-0.0202487941336145,"189.08779"
"189.16521",0.013511592925571,0.0154988588293578,"189.16521"
"190.97001",0.00685059958973305,-0.0138079982773689,"190.97001"
"191.02320",0.00223219174883856,-0.0468630284045897,"191.02320"
"191.10910",0.00881380393487514,0.00815675194268966,"191.10910"
"191.18214",0.0351112302070495,-0.0062200155375035,"191.18214"
"192.99510",0.00205899016890324,-0.0134969334983108,"192.99510"
"193.03335",0.00426964635470061,-0.0248616030673746,"193.03335"
"193.08481",0.0163096437775442,-0.00244005039207347,"193.08481"
"193.98523",0.0161994787381164,-0.0046684094601683,"193.98523"
"194.08596",0.0103917594771319,-0.00324829382316909,"194.08596"
"194.94913",0.0175260111084805,-0.0224318288036084,"194.94913"
"195.05412",0.0378039221427864,-0.164901278574375,"195.05412"
"195.10337",0.017671652384646,0.00311417791074026,"195.10337"
"195.14216",0.0336561312699651,-0.00971591524168379,"195.14216"
"196.98675",0.00837525300832249,-0.0224290464860842,"196.98675"
"197.08399",0.0068041966017195,-0.00959100128131752,"197.08399"
"197.12092",0.0526943362797659,0.0144898184016396,"197.12092"
"198.07822",0.0187695113535386,-0.0193019898672827,"198.07822"
"198.12460",0.0374753336593248,0.0184828932291408,"198.12460"
"199.00374",0.0067428173404035,-0.0398128444740605,"199.00374"
"199.10091",0.032934098026791,0.0175124684420097,"199.10091"
"199.13653",0.0404834814543585,0.0295575069387725,"199.13653"
"199.93996",0.0110791040065708,-0.0213208082002948,"199.93996"
"200.01496",0.0178854356075968,-0.0195699427853261,"200.01496"
"200.05869",0.0195287849493688,-0.0316216502270687,"200.05869"
"200.13781",0.0151805177847337,0.0160306271871283,"200.13781"
"201.03967",0.00776069258328268,-0.0256714574404261,"201.03967"
"201.08676",0.00919563799458814,-0.0127928399821757,"201.08676"
"201.11561",0.0136444526239623,-0.0127709612040308,"201.11561"
"202.01099",0.00604584390412136,-0.00717439125234744,"202.01099"
"202.11139",0.0199089385468085,-0.0263638936630499,"202.11139"
"203.02464",0.0101891069001402,-0.0292230110523237,"203.02464"
"203.07957",0.01315905134335,-0.0241357310848806,"203.07957"
"203.09934",0.0160863612041843,-0.00897387980548769,"203.09934"
"203.18375",0.016451805920581,0.0132881719193388,"203.18375"
"205.01998",0.00515499033124491,-0.0264805523526303,"205.01998"
"205.05342",0.0118712175548827,-0.0250347950904206,"205.05342"
"205.16185",0.00211112891299332,-0.0155288512631541,"205.16185"
"205.19811",0.0358243675402983,0.0180295183662747,"205.19811"
"206.94932",0.0179665658393374,-0.0074691823352118,"206.94932"
"207.01435",-0.00240784088052605,-0.0151657192582667,"207.01435"
"208.00133",0.0160855986033376,-0.0109455299691821,"208.00133"
"208.07453",-0.000865806929268576,-0.0101573256660315,"208.07453"
"208.98384",0.00679750808735667,-0.0357494473009002,"208.98384"
"209.06805",0.0197063507439211,-0.0293869261907158,"209.06805"
"209.12245",0.0386423085420096,0.0104965418448063,"209.12245"
"210.05239",0.01183813848608,-0.00609062057896852,"210.05239"
"210.08615",0.0287894866563294,-0.0259167814961799,"210.08615"
"211.00094",0.0124100494400176,-0.0506018770404967,"211.00094"
"211.08403",0.0236265567213123,-0.0268890616321766,"211.08403"
"211.17281",-0.001683928941487,-0.00639160725439753,"211.17281"
"212.02654",0.0112431154668079,-0.01313225401773,"212.02654"
"212.09007",-0.00240576358508319,-0.0111715948422829,"212.09007"
"212.93761",0.00706334016276698,-0.00833694733119683,"212.93761"
"212.98268",0.00533036123868411,-0.0207100915419645,"212.98268"
"213.01781",0.012322930210206,-0.0103129829039311,"213.01781"
"213.05173",0.0112292036963413,-0.00249590152692579,"213.05173"
"213.11439",0.03093592737609,-0.00466892113370463,"213.11439"
"213.15315",0.0147478737086906,-0.0121061290998088,"213.15315"
"214.05205",0.0331983371511147,-0.125441258061533,"214.05205"
"215.09873",0.00860267266103616,-0.00708563274925002,"215.09873"
"215.13279",0.0335774080882064,-0.000436883347643055,"215.13279"
"216.93054",0.0262390502595845,-0.0251955211894822,"216.93054"
"217.08498",0.0111760468375987,-0.0492450692152662,"217.08498"
"217.11947",0.0258800662385846,-0.00992383783666437,"217.11947"
"217.14460",-0.000694465912805466,-0.0176151588399529,"217.14460"
"218.10617",0.0290538370070613,-0.0309701594639938,"218.10617"
"218.99676",0.0148950202565512,-0.0305439101412329,"218.99676"
"219.03732",0.0183148679579253,-0.0261428698184548,"219.03732"
"219.07644",0.0105751072814161,-0.00540180392288718,"219.07644"
"219.13852",0.0110216965242709,0.0120478890815786,"219.13852"
"220.99510",0.013279781888122,-0.0210505918162956,"220.99510"
"221.08487",0.0293303653970416,-0.00682043420116831,"221.08487"
"221.12306",0.0369572556087618,0.0137897888908835,"221.12306"
"221.15622",0.0189843638944447,-0.0105321147531919,"221.15622"
"223.09979",0.0119067174155255,-0.00475224815505038,"223.09979"
"223.13642",0.0328487146542501,0.0178574284762282,"223.13642"
"223.17381",0.0245684077167066,-0.0103605802685247,"223.17381"
"223.97658",0.00876034827275148,-0.0158348710626514,"223.97658"
"224.03126",0.00327677215348226,-0.00504240777043885,"224.03126"
"224.07388",-0.00289413771864902,-0.0145175368864632,"224.07388"
"224.96033",0.01852459552267,-0.0372038803609443,"224.96033"
"225.05819",0.0117751376080355,-0.0169401193445455,"225.05819"
"225.15257",0.0164686446338171,-0.0163481677579873,"225.15257"
"225.98849",0.0163108574335312,-0.0114569166707369,"225.98849"
"226.99772",0.00116385926716792,-0.0365612566612561,"226.99772"
"227.06753",0.00795163286249407,-0.0173139048156665,"227.06753"
"227.10151",0.00715880430510665,-0.007756379583907,"227.10151"
"227.13139",0.0230201783574819,0.00588204768845099,"227.13139"
"227.16572",0.0215716000879806,0.00737400589592615,"227.16572"
"227.20451",0.0457666127524852,-0.0180615954159859,"227.20451"
"227.99952",0.00741245003625997,-0.0265638918679917,"227.99952"
"228.06120",0.0061904212653044,-0.019560076441261,"228.06120"
"228.90860",0.0108134260662838,-0.0275401913849526,"228.90860"
"228.96577",0.00312825445282118,-0.000263365907807136,"228.96577"
"229.01350",0.0164079147743994,-0.0560072838482071,"229.01350"
"229.10011",0.002918072695764,-0.00535403426191253,"229.10011"
"229.15364",0.00664778018043128,-0.0208881427241437,"229.15364"
"229.19404",0.0398660213796011,0.0200617529851766,"229.19404"
"230.06520",0.0200793750714103,-0.0148082331476019,"230.06520"
"230.15658",0.00809723180573937,-0.00311927651262835,"230.15658"
"231.05685",0.00522299285047447,-0.00697667015917065,"231.05685"
"231.09934",0.00386106604976267,-0.017287301001977,"231.09934"
"232.90499",0.0160330873023297,-0.0729582543944474,"232.90499"
"232.98471",0.0149545512120222,-0.00893633664969003,"232.98471"
"233.11950",0.0117646035035317,0.0111794285222656,"233.11950"
"233.15816",0.0198140899904413,-0.0271078588950755,"233.15816"
"234.06663",0.0017260671540891,-0.0106985833509529,"234.06663"
"235.13719",0.0106151647596781,0.0199907106313436,"235.13719"
"235.17216",0.0326968920940078,0.01116639086183,"235.17216"
"236.02695",0.0160260051505464,0.00319818708803884,"236.02695"
"236.08013",0.0131116291087462,-0.0373283211398003,"236.08013"
"236.10454",-0.00161824513913587,-0.0113348909147767,"236.10454"
"236.87718",0.0151953875746746,-0.028498352727639,"236.87718"
"237.11302",0.0254550120830451,-0.0113590543298171,"237.11302"
"237.15277",0.0193405940985855,0.0121950322613962,"237.15277"
"238.99623",0.0154764907576913,-0.0213768363504852,"238.99623"
"239.16754",0.00967375162987447,0.00325502293913637,"239.16754"
"240.06263",0.00775570077245208,-0.00335561957692838,"240.06263"
"241.10896",0.0253128552215077,0.0121208120375456,"241.10896"
"241.18440",0.0299969658126579,0.00872587166110301,"241.18440"
"242.08268",0.0184809859555778,-0.0813702885232854,"242.08268"
"242.14819",0.0167431528067359,-0.00101021357629814,"242.14819"
"243.06543",0.0426596016689086,-0.0668193369934116,"243.06543"
"243.14223",0.00261388851163154,-0.0160394395765822,"243.14223"
"243.17683",0.0126028365053069,-0.000155784326146204,"243.17683"
"243.19958",0.0210769876122836,0.0143951431129186,"243.19958"
"245.04547",0.0121823635993414,-0.0724328563180861,"245.04547"
"245.07388",0.00999613984568154,-0.0201684600809173,"245.07388"
"246.04907",0.01043273511275,-0.022914210045793,"246.04907"
"247.06664",0.0206719841371274,-0.0116651504148914,"247.06664"
"247.13895",0.0264208554901684,0.000682718569535195,"247.13895"
"248.97708",0.0121192661119322,-0.0187182991602485,"248.97708"
"249.15245",0.0232999586743311,0.0169891183483611,"249.15245"
"250.04771",0.00862597565457341,-0.0310797127346237,"250.04771"
"250.08959",0.00260684776670602,-0.0241752162459551,"250.08959"
"250.14840",0.0232611454412516,-0.0326849807709044,"250.14840"
"251.08500",0.0033643830235756,-0.0205606255159438,"251.08500"
"251.20483",0.0477215327185028,0.0313062337617213,"251.20483"
"251.99967",0.0112543615940343,-0.0383304271674563,"251.99967"
"252.10605",0.00138131007366202,-0.0164519289549336,"252.10605"
"252.95477",0.00505838016087341,-0.0167484853990642,"252.95477"
"253.10760",0.0206515705353525,0.000465375343323259,"253.10760"
"253.21990",0.0943059647387229,0.0478438580100465,"253.21990"
"254.08180",0.0133128497071126,-0.0720154247718388,"254.08180"
"254.14742",-0.00376028239866509,-0.0156577418879796,"254.14742"
"254.88198",0.00968714014044184,-0.0290275422817698,"254.88198"
"254.98179",0.0162867665700122,-0.0464001301024815,"254.98179"
"255.00374",0.00626576971126698,-0.0142751279953851,"255.00374"
"255.16822",0.0209785532115041,0.00564815852879072,"255.16822"
"255.23560",0.0994192846143813,0.0172167659165545,"255.23560"
"256.06279",0.0268375550502427,-0.0410722243972912,"256.06279"
"256.09887",0.0103443407699748,-0.00804723484777377,"256.09887"
"257.18026",0.0130533452099631,0.00362481700996885,"257.18026"
"259.03503",0.0196683932439431,-0.0451976395411618,"259.03503"
"259.13101",0.0141132725402532,-0.00284403849006713,"259.13101"
"260.04112",0.0130261672825553,-0.0128860329133504,"260.04112"
"261.03505",0.0182738731657957,-0.0404764120808096,"261.03505"
"261.14184",0.0300776484077297,-0.00440751871794829,"261.14184"
"261.94027",0.0177817885542172,-0.0135720570112715,"261.94027"
"262.09461",0.000348386209624417,-0.0134872122650915,"262.09461"
"263.03630",0.0025059139983024,-0.0233129527351437,"263.03630"
"263.06374",0.00771459869567891,-0.0032657553553811,"263.06374"
"263.13329",0.0247544388360275,-0.0055018182735558,"263.13329"
"263.16468",0.020192478848259,0.0169465785584743,"263.16468"
"265.02313",0.0237670542310042,-0.0455466809766881,"265.02313"
"265.22190",0.038387489258132,0.0115013544115745,"265.22190"
"266.02040",0.0156771845751378,-0.0540173937926977,"266.02040"
"266.08791",0.00948477562870107,-0.00970478938179394,"266.08791"
"266.81757",0.0135768380018386,-0.00342142007002301,"266.81757"
"267.07775",0.0275132730697731,-0.072055442440597,"267.07775"
"267.12020",0.00196142692433059,-0.0177035596261358,"267.12020"
"267.23540",0.0595313727996665,0.0254588635658159,"267.23540"
"268.10704",0.0120216315248797,-0.00488167590354455,"268.10704"
"269.09247",0.0357706453631441,-0.107251894042362,"269.09247"
"269.21626",0.0729745216839141,0.00998446479398268,"269.21626"
"269.25119",0.0332338675724653,0.0127507137270165,"269.25119"
"271.00348",0.0082572495748058,-0.00516318231171547,"271.00348"
"271.23011",0.0678675011310855,0.0203142964387213,"271.23011"
"272.01003",0.0090837552140931,-0.0358745271981319,"272.01003"
"272.09269",0.0127738501449031,-0.08594525801955,"272.09269"
"273.05563",0.00873064149761407,-0.0304729545614537,"273.05563"
"273.09249",0.0226316933185079,-0.0341828106445958,"273.09249"
"273.19031",0.0188014241074321,-0.00329473053069,"273.19031"
"273.22751",0.0174566218975401,0.00843409496472718,"273.22751"
"274.03582",0.0134334800410857,-0.00185449336713795,"274.03582"
"274.10432",-0.0018469439478295,-0.0363145411984334,"274.10432"
"275.05270",0.0101286317857377,-0.0166763118278639,"275.05270"
"275.94608",0.00496100853320753,-0.0299667536194541,"275.94608"
"276.08043",0.00653426576923088,-0.0298787701799192,"276.08043"
"277.03708",0.0251926844655212,-0.130891081116871,"277.03708"
"277.07741",0.0130134292909142,-0.0598596328761809,"277.07741"
"277.15059",0.0245632518530506,-0.0163210150241128,"277.15059"
"277.22185",0.104624612727916,0.0631328384970712,"277.22185"
"278.04222",0.00884530445423803,-0.034181087721094,"278.04222"
"278.12838",-0.0015690394414094,-0.0213557461855628,"278.12838"
"279.09167",0.00715190187586396,-0.0258945904532161,"279.09167"
"279.15836",0.0240950398813994,-0.00729893492199222,"279.15836"
"279.23647",0.115013733505239,0.0714874670760755,"279.23647"
"280.04406",0.0125804306690009,-0.0452643235773179,"280.04406"
"280.99546",0.0186547410093117,-0.0522315041513474,"280.99546"
"281.09727",0.00575375864482822,-0.0121089512876794,"281.09727"
"281.14260",0.0141495498493533,0.00158944830976757,"281.14260"
"281.18423",0.0188580178395652,0.00850885853110253,"281.18423"
"281.25299",0.0871697626215146,0.0533404591875147,"281.25299"
"281.98153",0.0155628256293489,-0.0339154133843353,"281.98153"
"282.04056",0.0141721712710388,-0.0248256305887578,"282.04056"
"282.09229",0.00889623859458076,-0.0195490864729225,"282.09229"
"282.99082",0.0179150610216043,-0.0324855972279841,"282.99082"
"283.02361",0.0118486415294777,-0.0120010432826703,"283.02361"
"283.07075",0.0191935245354545,-0.0398462572697367,"283.07075"
"283.10835",0.00410734597027446,-0.0227243095944924,"283.10835"
"283.19237",0.0326835674316038,-0.0102035066977591,"283.19237"
"283.26652",0.066753351434454,0.00230469976631247,"283.26652"
"284.07260",0.0116719927229931,-0.0222088596306668,"284.07260"
"284.09957",0.0172219575567148,-0.0355077200596104,"284.09957"
"285.07064",0.00695292240364188,-0.0270208692020272,"285.07064"
"285.16856",0.0211947490313188,0.00195302606670544,"285.16856"
"285.21264",0.0474978132504735,-0.0103289375426719,"285.21264"
"285.95217",0.0217691295037046,-0.0279021737749796,"285.95217"
"286.06269",0.00225005774516777,-0.0843284584507835,"286.06269"
"287.06994",0.0051268854236578,-0.0241265885808495,"287.06994"
"287.22048",0.033089928557085,0.00828828800146563,"287.22048"
"287.98689",0.00296592661099106,-0.0180888039784309,"287.98689"
"288.12116",0.0183472232028018,-0.0188484344229871,"288.12116"
"289.03939",0.00737127927330636,-0.0420504562078127,"289.03939"
"289.07380",0.012555336240379,-0.0162914883187288,"289.07380"
"289.13158",0.0288033279928716,-0.00269027260219482,"289.13158"
"289.18120",0.0329495443759782,0.00461908428477095,"289.18120"
"289.22095",0.0270363520163131,0.00795594743022409,"289.22095"
"290.08485",0.00801379619532703,-0.023218952048759,"290.08485"
"290.96666",0.00153834177243,-0.0286031105111266,"290.96666"
"291.10087",0.00194180294074747,-0.00971926787851353,"291.10087"
"291.23695",0.0272265475551841,0.00302710634361273,"291.23695"
"292.07548",0.0165244418604156,-0.0428568836537597,"292.07548"
"292.13940",0.00836641431584531,-0.0150564471194112,"292.13940"
"292.17043",0.0131031986069636,0.0307314157107375,"292.17043"
"292.20395",0.024260460949643,0.0152905577528155,"292.20395"
"293.06571",0.00587574775036571,-0.0226248933992855,"293.06571"
"293.14029",0.00932797143584461,-0.0135036986516328,"293.14029"
"293.25125",0.032636412758627,0.0189005702154286,"293.25125"
"294.06970",0.0026601125352738,-0.0341729447889166,"294.06970"
"295.08009",0.0137958337877369,-0.0176587235647531,"295.08009"
"295.23102",0.0924919632503189,0.0614609498709855,"295.23102"
"295.26839",0.0328464441965842,0.0115482514220923,"295.26839"
"297.05406",0.00550473105988848,0.00819550774870815,"297.05406"
"297.08925",0.00816440204762089,-0.023818687204466,"297.08925"
"297.21672",0.0435712906785728,-0.00243038927180265,"297.21672"
"297.24896",0.080720874419016,0.0354725613485774,"297.24896"
"298.11782",0.0141529223525654,-0.0458139956967914,"298.11782"
"298.99916",0.0151488721155158,-0.0355047784636566,"298.99916"
"299.09585",0.00937347803125346,-0.0347459467409468,"299.09585"
"299.13347",-6.15070655264623e-05,-0.00218543681971441,"299.13347"
"299.20268",0.0303762448223232,-0.00284689362144169,"299.20268"
"300.04614",0.00220629599462295,-0.0270640232011862,"300.04614"
"301.05539",0.00742959396325891,-0.0101736502843229,"301.05539"
"301.09460",0.00929402241884575,-0.0142462881773092,"301.09460"
"301.14139",0.00719149342296737,-0.000121549534741165,"301.14139"
"302.06909",0.00877117712933313,0.00427994648186966,"302.06909"
"302.10738",0.00850502706621173,-0.0175740701892136,"302.10738"
"303.04699",0.0124515504858965,-0.0296492533699516,"303.04699"
"303.16339",0.0301144629630008,0.00735516896428893,"303.16339"
"304.06572",0.00839837171417281,-0.0345022740444463,"304.06572"
"304.90247",0.00528845361657533,-0.00579877606506789,"304.90247"
"305.07641",0.00244406737234112,-0.0417616373503706,"305.07641"
"305.18356",0.0212464539878185,-0.0028955705328673,"305.18356"
"305.25031",0.101464383561639,0.0636566065551529,"305.25031"
"306.07851",0.0364303243192786,-0.16036309623956,"306.07851"
"306.18350",0.00633817719235731,0.0410101944806013,"306.18350"
"306.94190",0.0130098409541236,-0.0385862053224151,"306.94190"
"307.11949",0.00978518967812394,-0.0671579557830463,"307.11949"
"307.16008",0.00748576290255485,-0.0143431583094785,"307.16008"
"307.19218",0.032368672425435,0.0117881867637579,"307.19218"
"307.26606",0.0846350789905327,0.0480683585448591,"307.26606"
"308.19192",0.0166494222227094,-0.00392805564713285,"308.19192"
"309.08585",0.0057343452414965,-0.0335443607714663,"309.08585"
"309.13754",0.0150885863054706,-0.000540935413396136,"309.13754"
"309.17739",0.00711928263568615,-0.000496958554646623,"309.17739"
"309.21355",0.0503190262761344,0.0172206353037797,"309.21355"
"309.28412",0.0702542994410035,0.0205103309536857,"309.28412"
"310.04458",0.0257182780012947,-0.0293911518894397,"310.04458"
"310.11460",0.00719896098144257,-0.0163376215329068,"310.11460"
"310.15448",0.0120597219938486,-0.0448459490779046,"310.15448"
"310.21628",0.0298644320269029,0.0254736089567358,"310.21628"
"311.11372",0.0163613684102727,-0.00987484574509098,"311.11372"
"311.22842",0.0742814771981915,0.0191013025262106,"311.22842"
"312.09080",0.00108650548577905,-0.0150173417146477,"312.09080"
"313.10380",0.00510471767430792,-0.00737498011827316,"313.10380"
"313.18529",0.0153908336588388,0.00671838966257087,"313.18529"
"314.99220",0.0144995407803193,-0.0506113337676792,"314.99220"
"315.07809",0.0101630085095441,-0.0110878078525836,"315.07809"
"315.11423",0.0108800436762734,-0.0216593259365417,"315.11423"
"315.19759",0.0423766467298078,0.00687106796470572,"315.19759"
"316.11724",0.00758138929905276,-0.0387949347244917,"316.11724"
"316.19099",0.0172089867141369,0.0129456814909281,"316.19099"
"316.24038",0.0447864305917344,0.0172719344102139,"316.24038"
"317.17657",0.0177399438984385,0.0108200010868146,"317.17657"
"317.21813",0.0401773589869729,0.0209540244016143,"317.21813"
"317.25012",0.0376890067237545,0.00819677946169972,"317.25012"
"318.00629",0.00429585912459403,-0.011736753537179,"318.00629"
"319.23323",0.0655953938704137,0.0486657574484805,"319.23323"
"320.08092",-0.00120711711902217,-0.0257897648034891,"320.08092"
"323.03356",0.0239200450617753,-0.0751343454196896,"323.03356"
"323.18460",0.0153038593531313,0.000766396689902767,"323.18460"
"323.26436",0.0369379860293045,0.0278539971045088,"323.26436"
"324.03124",0.0203056702298657,-0.0444039966039773,"324.03124"
"325.03662",0.00202443369291287,-0.00460262315657666,"325.03662"
"325.11964",0.0218820266765918,-0.0689731359616465,"325.11964"
"325.27649",0.0435114982005318,0.0239833896893446,"325.27649"
"326.07522",-0.00559654050750252,-0.0223947935819014,"326.07522"
"326.11905",0.012627157249406,-0.0517093858237863,"326.11905"
"327.14525",0.018465698890459,-0.00332942043394941,"327.14525"
"327.23533",0.107894758610959,0.0674038508473477,"327.23533"
"328.11595",0.00375025512039642,-0.0267340275863589,"328.11595"
"329.17217",0.0240662831179643,0.0108779490562383,"329.17217"
"329.25447",0.109350447227642,0.0669558427544801,"329.25447"
"330.05162",0.0116874396614058,-0.0281646652484493,"330.05162"
"330.17934",0.00863027902482928,0.00352793504463135,"330.17934"
"331.07622",0.00215476475400553,-0.0183484969190998,"331.07622"
"331.16636",0.0116445699824988,-0.0110678389789309,"331.16636"
"331.19255",0.0248345213461912,0.017298601593252,"331.19255"
"331.26575",0.112163009056158,0.0559698354720448,"331.26575"
"333.09967",0.0235962375324056,-0.0783839159156976,"333.09967"
"333.17928",0.00719241144654392,-0.00827325075947902,"333.17928"
"333.21153",0.0335230091329479,0.00524907512530291,"333.21153"
"334.00411",0.0226401536891587,-0.0305503765513495,"334.00411"
"334.06272",0.0103703419560729,-0.0232680124565492,"334.06272"
"334.10342",0.0197532853949671,-0.0333091123954037,"334.10342"
"334.21827",0.0378812799024842,0.00504542523787576,"334.21827"
"335.05975",0.00470005065797184,-0.0200231926737331,"335.05975"
"335.10070",0.0104314858366235,-0.00850757751747321,"335.10070"
"335.18454",0.00736322296945649,-0.0232279262476209,"335.18454"
"335.22741",0.0535997259279168,0.0220984963533162,"335.22741"
"336.10056",-0.00627960665647924,-0.0235346997994203,"336.10056"
"337.08568",0.000982861640130647,-0.0381623410063956,"337.08568"
"337.19786",0.0195378699727636,0.00482980353272086,"337.19786"
"338.24422",0.0240585837034927,0.0058893392023749,"338.24422"
"339.06192",0.00329665855077587,-0.0177265212300116,"339.06192"
"339.19892",0.00612774501999405,-0.0228956300971951,"339.19892"
"339.25976",0.0400154128467646,0.0132091869326703,"339.25976"
"341.00442",0.00929429247111799,-0.0117883573067133,"341.00442"
"341.20825",0.0333049869893695,-0.00274960815667074,"341.20825"
"342.21560",0.0183930874353063,-0.0103156275346536,"342.21560"
"343.23100",0.0535640264908958,0.0230906394806465,"343.23100"
"344.14128",0.0101690673562848,-0.023347201191641,"344.14128"
"344.91448",0.0199375036061808,-0.0228868900201848,"344.91448"
"345.15753",0.00656198614691488,0.00196222684768375,"345.15753"
"346.05835",0.0396903997684778,-0.0906517787778762,"346.05835"
"346.13139",0.0143120510301261,-0.0464035260748506,"346.13139"
"347.04421",0.0381142545818905,-0.0425411007661952,"347.04421"
"347.18968",0.0200403614450952,0.000394309229432856,"347.18968"
"347.22940",0.0122608720627274,0.0112968675864833,"347.22940"
"347.26459",0.0450421398747574,0.0357487032141713,"347.26459"
"348.04820",0.0167765987553153,-0.0232031789684494,"348.04820"
"348.09312",0.00825828261690286,-0.0265435824382365,"348.09312"
"348.15730",0.0104523166732739,-0.00335609143322524,"348.15730"
"349.06316",0.00456417705082643,-0.0226779515976951,"349.06316"
"349.15669",0.00461329214225097,-0.017896274620067,"349.15669"
"349.24412",0.0118381644088437,0.0077665563058254,"349.24412"
"349.98160",0.00708256638104704,-0.0423942208652348,"349.98160"
"350.04307",0.0116269344125099,-0.0129865957096915,"350.04307"
"350.11034",0.011957840079519,-0.0469079561610286,"350.11034"
"350.21050",0.0221381335816564,0.00264952240384481,"350.21050"
"351.06367",0.00689266606880289,-0.0374075359909492,"351.06367"
"351.11503",0.00932420457638918,-0.0265781303210238,"351.11503"
"351.20951",0.0218233683999318,-0.0329018565781613,"351.20951"
"352.21722",0.0337908471661036,-0.0175438518863172,"352.21722"
"353.17007",0.0180978297792648,-0.0138656254975564,"353.17007"
"354.07361",0.00958787724898746,-0.070118130859982,"354.07361"
"354.16326",0.0139944754117438,0.00335306837178501,"354.16326"
"354.22146",0.01568976484456,-0.0077985552497994,"354.22146"
"354.92963",0.00890178043923623,-0.0232027110098963,"354.92963"
"355.03664",0.0132610235148663,-0.0338337055938531,"355.03664"
"355.08719",0.00813021318257333,-0.0420033300892253,"355.08719"
"355.18844",0.0307409349667986,-0.00189237950630032,"355.18844"
"355.26673",0.0440832124020336,0.032589048146209,"355.26673"
"356.11777",-0.00155868954618727,-0.0077708574651099,"356.11777"
"356.19355",0.0163337949529173,0.0117252889464437,"356.19355"
"357.09568",0.0174002966408591,-0.0229110811192905,"357.09568"
"357.18863",0.0179709580442129,0.00224513556661415,"357.18863"
"357.28414",0.063364088282792,0.0312033673201398,"357.28414"
"358.28444",0.0406558766566713,0.0284539155985313,"358.28444"
"359.11698",0.0102596249960245,-0.0545418620583361,"359.11698"
"359.29803",0.0348152838876097,0.032227238672818,"359.29803"
"359.99955",0.0103886568182272,-0.0252001036803357,"359.99955"
"360.13188",-0.00529400583991352,-0.0372977205851544,"360.13188"
"360.23212",0.0159733897496941,0.0257188697799916,"360.23212"
"360.89333",0.0109062757081998,-0.0251024378042606,"360.89333"
"360.99218",0.0153406860047588,-0.0270892084901681,"360.99218"
"361.18574",0.0114067691134083,0.00980515590674406,"361.18574"
"361.24541",0.0446486079391438,0.0102146172899347,"361.24541"
"361.99215",0.0103664283991963,-0.023699736268601,"361.99215"
"362.05713",0.0269509246603597,-0.0403370448770801,"362.05713"
"362.24006",0.0284182509483201,0.0174334226171626,"362.24006"
"363.06209",0.0144481232000313,-0.0103022678795044,"363.06209"
"363.20019",0.0221357106660934,-0.00504626202964017,"363.20019"
"363.25667",0.0356065668236897,0.0215852253993836,"363.25667"
"364.07173",0.00981169269094007,-0.00562024135531959,"364.07173"
"364.10861",0.0078731335222389,-0.00848382128173487,"364.10861"
"364.25878",0.00890757117273145,0.0115230263470519,"364.25878"
"365.05778",0.00590521933132761,-0.0392578216291776,"365.05778"
"365.21128",0.0358286952255335,-0.00414519645273054,"365.21128"
"366.11247",0.0148365334775444,-0.0549061903453854,"366.11247"
"366.21107",0.0251699992667275,0.0134714833557566,"366.21107"
"367.02604",-0.00391725937106999,-0.00214813172839155,"367.02604"
"367.11078",0.0322411651042484,-0.10786304850225,"367.11078"
"367.24711",0.0239865488701699,0.0171309724014228,"367.24711"
"367.36479",0.020932435383652,0.00589995094462955,"367.36479"
"368.22659",0.012692182136629,-0.0124289207208328,"368.22659"
"368.25398",0.0110611686764999,-0.00375969726185115,"368.25398"
"369.02746",0.0104070806647224,-0.0238068943912485,"369.02746"
"369.17296",0.0163841778242005,-0.00231748897074353,"369.17296"
"369.22685",0.0179726491051963,0.00463677016612566,"369.22685"
"371.18034",0.0205287424131355,0.00606538557205651,"371.18034"
"372.95314",0.0105046813323974,-0.0369865577354257,"372.95314"
"373.19308",0.0225068950029091,0.00275138210854974,"373.19308"
"374.93171",0.0107779070612146,-0.0264321116090614,"374.93171"
"375.02950",-0.00667677045818436,-0.0155712384709381,"375.02950"
"375.15770",0.0167141691397346,-0.00216671529230944,"375.15770"
"375.22561",0.0171455609666678,0.0182328014130999,"375.22561"
"376.10807",0.00120748788492492,-0.0831537449590006,"376.10807"
"376.22254",0.0169160211159272,0.00174754539899493,"376.22254"
"377.02824",0.00593019752304097,-0.0254341282066802,"377.02824"
"377.09185",-0.0165649109093125,-0.0112483461032429,"377.09185"
"377.16793",0.0146370484845518,-0.0081752223000155,"377.16793"
"377.22660",0.0368969279883689,0.0188990411294254,"377.22660"
"379.08625",-0.00968252546172116,-0.00360424278506584,"379.08625"
"379.17189",0.0156122347093042,-0.0215164295875911,"379.17189"
"379.25272",0.0219954731317969,0.00698861282496449,"379.25272"
"380.06097",0.00362472796245458,-0.00678468258913735,"380.06097"
"381.10900",0.00851720643755116,-0.0282747002076412,"381.10900"
"381.19180",0.0309246116443348,-0.000848838842492629,"381.19180"
"381.24562",0.0136030102803501,-0.00973654347326388,"381.24562"
"381.98863",0.019617204560036,-0.0298041908715461,"381.98863"
"382.10190",0.00643044591502599,-0.0146831606243753,"382.10190"
"382.24432",0.0117621409226733,0.00226371649668514,"382.24432"
"382.98508",0.00222442106386654,-0.0134532971483108,"382.98508"
"383.05906",0.00927559881585812,-0.0242389974203136,"383.05906"
"383.11578",0.00323176109889345,-0.0221406229817983,"383.11578"
"384.02497",0.0157153242929072,-0.0159747051798351,"384.02497"
"384.22113",0.0228723885430271,-0.00346805079232321,"384.22113"
"384.99492",0.0131935390781678,-0.0261466989685021,"384.99492"
"385.17436",-0.00826584995038471,0.000754672632581791,"385.17436"
"385.23213",0.0111534329989698,0.0023504814755341,"385.23213"
"385.26395",0.0299882286321498,0.0176583818930809,"385.26395"
"386.02100",0.0143028189584617,-0.0321749683873876,"386.02100"
"386.24176",0.0376841063191449,0.017957741228689,"386.24176"
"387.01830",0.00718815401349577,-0.0271655499372617,"387.01830"
"387.15433",0.00667164300265245,-0.0120463908093663,"387.15433"
"387.19799",0.0125244773272118,0.0154325412614037,"387.19799"
"387.23940",0.0219643497102695,0.00948112119069748,"387.23940"
"387.28203",0.0289952965546848,0.0241784121274777,"387.28203"
"388.92422",0.018698470985529,-0.0271450411698921,"388.92422"
"389.02715",0.00151365571130077,-0.0210970238579956,"389.02715"
"389.13911",0.0170331118432942,-0.0206504910003895,"389.13911"
"389.25091",0.0552232524719227,0.0384815496701165,"389.25091"
"390.91768",0.0174482019440052,-0.0271981558738592,"390.91768"
"391.16668",0.0192179423549439,-0.0259785816354984,"391.16668"
"391.25725",0.0583686156159346,0.0465455657322532,"391.25725"
"393.26732",0.0401523042487616,0.0290661082511114,"393.26732"
"395.09829",0.00845319044192434,-0.025506216762008,"395.09829"
"395.23402",0.0259003765723203,0.00185698730281859,"395.23402"
"395.28004",0.00600207297729224,0.0133194994769639,"395.28004"
"396.99733",0.00955737803291008,-0.00899850967049209,"396.99733"
"397.10519",-0.000118837555774144,-0.0259226067401291,"397.10519"
"397.18041",0.0107992252128395,-0.011193526507067,"397.18041"
"399.19367",0.0201919395604406,-0.00173214802525001,"399.19367"
"399.26599",0.0315957857302886,0.0146058508251573,"399.26599"
"400.00639",0.00788759816052792,-0.0213184420214478,"400.00639"
"400.95777",-0.00152425792975758,-0.0255689889710764,"400.95777"
"401.15875",0.0140015051752462,-0.0146842905376229,"401.15875"
"401.20991",0.023840840221653,0.00506882794104178,"401.20991"
"401.25893",0.0270564849498256,-0.0154308762441233,"401.25893"
"401.29450",0.0261888046965137,0.00789510323510754,"401.29450"
"401.99712",0.00874401586516191,-0.034167532229892,"401.99712"
"403.00789",0.0107591686040876,-0.0321893825664261,"403.00789"
"403.17632",0.00965137441873785,-0.00807170004135253,"403.17632"
"403.23092",0.0166123000987438,0.0143145926068887,"403.23092"
"404.00007",0.00911505799764612,-0.0358596829924219,"404.00007"
"405.19580",0.0251566551027388,-0.00642416420895954,"405.19580"
"405.24699",0.0330495573648357,0.0250828995950339,"405.24699"
"406.01383",0.00375047924244369,-0.00885007091658678,"406.01383"
"406.24548",0.0289111083044419,0.0092189931791758,"406.24548"
"407.21511",0.032600045613654,-0.00631743709319999,"407.21511"
"407.25830",0.0461362885910756,0.0196344876037925,"407.25830"
"408.22321",0.0272526246454047,0.0102165894934301,"408.22321"
"409.24029",0.0312805453366262,0.00417084125282865,"409.24029"
"411.24127",0.029451766211592,0.00427589465123441,"411.24127"
"412.97040",0.0179290804213612,-0.0395371445828818,"412.97040"
"413.24300",0.0451157957991735,0.0202028880551971,"413.24300"
"414.24207",0.0291197809908807,0.00320432505469949,"414.24207"
"415.16502",0.0255594898831962,0.000845233585597748,"415.16502"
"415.24590",0.0459602286004394,0.0267917936572642,"415.24590"
"417.18307",0.0285908983065266,-0.00745056462223353,"417.18307"
"417.26639",0.0216888927369855,0.00557884262925237,"417.26639"
"419.20288",0.0137596894193692,-0.00521474653172371,"419.20288"
"419.97410",0.0125881046154513,-0.0279026568033862,"419.97410"
"421.23898",0.0369454848467543,0.0123752042427638,"421.23898"
"422.23555",0.0273426396681276,0.00228184882947343,"422.23555"
"423.19941",0.0216678335293932,0.00580121799394357,"423.19941"
"423.24845",0.0375257297492506,0.0196553613462109,"423.24845"
"424.26140",0.00682948389352862,0.0218885160095889,"424.26140"
"425.26412",0.022760734837568,0.0153407354124474,"425.26412"
"426.03131",0.018804084937939,-0.059728030878784,"426.03131"
"426.28722",0.0161569906558477,-0.00634981985309245,"426.28722"
"427.02872",0.00673843209265305,-0.0331627039407176,"427.02872"
"427.23371",0.0150979098664396,0.0136466798701633,"427.23371"
"427.29445",0.0284664622926065,0.00744804641293515,"427.29445"
"428.04773",-0.00579897246068128,-0.010614774023009,"428.04773"
"428.29373",0.0140214071077726,0.00939723354874528,"428.29373"
"429.19940",0.027239094740923,-0.00802896925896033,"429.19940"
"429.24939",0.0129105626523728,-0.0102784029669908,"429.24939"
"431.09540",0.0199304606712406,-0.039486703223967,"431.09540"
"431.14599",-0.0122167452698953,-0.00486448098971202,"431.14599"
"431.23646",0.030244979396263,0.01680039335557,"431.23646"
"433.28228",0.0321053720288238,-0.00959954605713332,"433.28228"
"434.94933",0.0216443590957625,-0.0469929113822352,"434.94933"
"435.22548",0.0215088207796873,0.00168013719511786,"435.22548"
"435.30090",0.0474572303006491,-0.00742131677418108,"435.30090"
"436.29651",0.0292029251688701,-0.010425185508257,"436.29651"
"437.24879",0.0432616776261481,0.0315777256935078,"437.24879"
"437.30500",0.0176061843645017,0.0109046433071693,"437.30500"
"438.25015",0.037003592662004,0.0118809681967492,"438.25015"
"439.09023",-0.0203543184874666,-0.0344862869033343,"439.09023"
"439.16373",0.0228419479435278,-0.000593504380777073,"439.16373"
"439.25232",0.051673947599238,0.0154569903247063,"439.25232"
"440.08219",-0.00235177654326139,-0.0203852122775359,"440.08219"
"440.25292",0.0288655635474252,0.0159136322007438,"440.25292"
"441.26616",0.038916038046273,-0.0106085821235266,"441.26616"
"442.01068",0.0187238788415313,-0.0583270959114631,"442.01068"
"442.18881",0.00465349844764325,-0.0105069559938703,"442.18881"
"442.26572",0.0169409887821446,-0.00232380081462808,"442.26572"
"443.01767",0.00818025972163703,-0.0204088393350254,"443.01767"
"443.28909",0.0137887254159856,-0.00904293267780267,"443.28909"
"445.05846",0.0078466748983947,-0.0285101188701988,"445.05846"
"445.18911",0.00877877871716147,-0.0145892688908975,"445.18911"
"445.24452",0.0229115551359688,0.0100932930450447,"445.24452"
"447.19805",0.0126868655714862,-0.0176040756413572,"447.19805"
"447.23944",0.0214800699998242,0.00252820478116427,"447.23944"
"448.01008",0.0116338336816233,-0.045507836912841,"448.01008"
"449.03437",0.00923179586825754,-0.00455034529188528,"449.03437"
"449.28228",0.0179284851611141,0.00892716734676589,"449.28228"
"450.92824",0.027840293789631,-0.0436165127079,"450.92824"
"452.29078",0.0517242969768639,-0.009472503879722,"452.29078"
"453.02927",0.00830191913646234,-0.0180671270139985,"453.02927"
"453.08018",0.0151067508173057,-0.0304920696366726,"453.08018"
"453.23981",0.0154339248895386,0.0087248029113961,"453.23981"
"454.31266",0.0324786193175569,0.00710682003127926,"454.31266"
"455.24166",0.0186290896016543,0.0163918067714683,"455.24166"
"455.32357",-2.0462201562733e-05,-0.000923364265493341,"455.32357"
"456.03776",0.0091970828487815,-0.0241429511565352,"456.03776"
"457.23035",0.0186765099952313,-0.00223991927583834,"457.23035"
"457.28673",0.0311394985546545,-0.00669005501750248,"457.28673"
"457.33495",0.00454533697649518,0.00972530130155902,"457.33495"
"458.28743",0.00816719521430772,-0.00469172998184299,"458.28743"
"459.15528",0.00308166408723636,-0.00494716348562073,"459.15528"
"459.30005",0.0571697639382521,-0.00733809938194209,"459.30005"
"460.29913",0.0300853707430246,-0.0163223567212932,"460.29913"
"461.24762",0.00846587669593471,-0.0011702141460199,"461.24762"
"461.31843",0.0589120257744117,0.00345176858496215,"461.31843"
"463.18136",0.0182401891706139,-0.007193923170536,"463.18136"
"463.32930",0.0308491305326038,-0.0144607661240116,"463.32930"
"463.99499",0.0293221063629088,-0.0625170167906181,"463.99499"
"464.31045",0.0223622283272685,-0.023674822590921,"464.31045"
"465.30280",0.0600503569107495,0.00968780990637613,"465.30280"
"466.00132",0.0146269791055153,-0.0247933076805409,"466.00132"
"466.12725",-0.00150404505106499,-0.012548237762863,"466.12725"
"467.30131",0.019640064138835,0.0153552949743786,"467.30131"
"468.13408",0.00204890340829827,-0.0578311002373102,"468.13408"
"469.05293",0.0240793969802398,-0.0347946132292882,"469.05293"
"469.13786",0.00672337255932581,-0.0383169772614004,"469.13786"
"469.23863",0.024863699744683,0.00860721941595651,"469.23863"
"469.30565",0.027023273893695,0.0268436052217675,"469.30565"
"471.23987",0.00986757253053281,0.0137076036376662,"471.23987"
"472.91008",0.00937353316749419,-0.0106131143451053,"472.91008"
"473.26329",0.023818307111874,-0.0225825297328495,"473.26329"
"475.05326",0.0139484003793403,-0.0189646177568019,"475.05326"
"475.29056",0.0401905866067006,0.000179120820065251,"475.29056"
"476.28757",0.0366653882026584,-0.00594411989022339,"476.28757"
"477.05020",0.0135263524636618,-0.0280909527317825,"477.05020"
"477.23827",0.017987666659796,-0.00823298748387322,"477.23827"
"477.31081",0.0454465912647925,-0.00223304507482514,"477.31081"
"479.08812",0.000863028999535283,-0.0252624908714381,"479.08812"
"479.31806",0.0251830739518685,-0.00755708802893616,"479.31806"
"480.30899",0.051655964626667,-0.00468046924485738,"480.30899"
"481.29290",0.0371182044093565,-0.0295978031423162,"481.29290"
"481.97728",0.0166414042992258,-0.0314081817957976,"481.97728"
"482.28603",0.0301824492675284,-0.00430245296808384,"482.28603"
"483.29960",0.0680850527431646,-0.0248273129729928,"483.29960"
"485.23267",0.00767991120698282,-0.00250002069292233,"485.23267"
"487.18398",-0.0037066610685584,-0.0207333639561317,"487.18398"
"487.32091",0.0315280612344677,-0.0119050554239144,"487.32091"
"488.17311",-0.00867541920262069,-0.0245423734854173,"488.17311"
"489.34794",0.0241326410553592,0.00161869218200829,"489.34794"
"490.11396",0.00193344441323337,-0.0408150499832966,"490.11396"
"491.03417",0.0125142501537611,-0.0302721274766903,"491.03417"
"491.29265",0.0292845406076009,-0.00768182679044337,"491.29265"
"492.29703",0.0261470808672037,0.0103217757933112,"492.29703"
"493.02888",0.00419661153972772,-0.0185123198057904,"493.02888"
"493.30892",0.0205147442926954,-0.00493264243689601,"493.30892"
"495.05319",0.0172789452673802,-0.0480741736569354,"495.05319"
"495.31284",0.0235671647225088,-0.00819179130827297,"495.31284"
"496.27332",0.00351575415920554,-0.0185730301654704,"496.27332"
"497.17494",-0.00305686631613699,0.0126040088035076,"497.17494"
"497.26970",0.0226972760905957,-0.0117302098211594,"497.26970"
"498.05432",0.0102746828799583,-0.0228496794863872,"498.05432"
"498.29123",0.0249677073547404,-0.0350042618600375,"498.29123"
"499.29929",0.0324168492618915,-0.0101868999533649,"499.29929"
"500.28519",0.0502204340317345,0.0126041823781675,"500.28519"
"501.29451",0.0243172840456111,0.00176973837416282,"501.29451"
"502.22727",0.0171649167476607,-0.00349599867379281,"502.22727"
"503.24128",0.0209350010256123,-0.00392540932360924,"503.24128"
"504.17593",-0.00617750122587526,0.000592973203089861,"504.17593"
"504.32039",0.0272366163926027,-0.00593881426335727,"504.32039"
"507.29948",0.0539594504573935,-0.00387561131723173,"507.29948"
"509.31570",0.0478928680147247,-0.0259085947087302,"509.31570"
"510.25561",-0.000869962030376661,-0.0164961719866286,"510.25561"
"510.32083",0.0399660177606107,0.0127722040873174,"510.32083"
"512.08850",0.010544893350576,-0.0160525661921915,"512.08850"
"512.27541",0.00876407011528999,-0.0716962784996997,"512.27541"
"512.33923",0.021559318639572,0.00707583027435869,"512.33923"
"513.34075",0.0263308580994891,0.0133300853898171,"513.34075"
"514.28949",0.0285782008359882,-0.0624769463704517,"514.28949"
"517.31668",0.0156664781333441,0.00830768972121656,"517.31668"
"523.30152",0.0299411864967594,0.0168205189096621,"523.30152"
"524.28495",0.0432752654828515,0.0339376023270945,"524.28495"
"524.96404",0.0100925202257995,-0.0397254808930648,"524.96404"
"525.30691",0.0344695937270722,0.0237207702101157,"525.30691"
"526.29944",0.031993387494124,0.0051254007583297,"526.29944"
"528.28041",0.0106397123427116,0.00381316676335565,"528.28041"
"529.30722",0.0352420528537932,0.00112041828050227,"529.30722"
"530.30263",0.024579645972668,-0.019065690741073,"530.30263"
"531.29626",0.0297327729308522,-0.0248548988531258,"531.29626"
"537.49234",0.0542778501014486,0.0519885092555492,"537.49234"
"537.93286",0.0083505134641204,-0.0493201645678924,"537.93286"
"539.14372",-0.00961910405870822,-0.0134494164276804,"539.14372"
"539.92014",0.010596515902104,-0.0184309470022327,"539.92014"
"540.05928",0.018409676332907,-0.0455670600663098,"540.05928"
"540.32488",0.00295308596026562,0.00656731617819415,"540.32488"
"541.05855",0.011978665173226,-0.0248554128094747,"541.05855"
"541.32532",0.0165534945826942,-0.0104969641571661,"541.32532"
"542.33036",0.0129385811640741,0.000812630229368958,"542.33036"
"543.33641",0.0301883188398536,0.017475979155257,"543.33641"
"544.27174",0.017372420277557,0.00776784841208333,"544.27174"
"546.33971",0.0119708525013128,-0.0070332206523498,"546.33971"
"547.31584",0.0279232096278556,0.0129035251270216,"547.31584"
"548.32242",0.0135489273725002,0.00957389328101994,"548.32242"
"549.17449",-0.00733267823024738,0.00449590978965556,"549.17449"
"549.33717",0.0184686958438503,0.021500255350424,"549.33717"
"557.46220",0.0392211573315276,0.0388823306866386,"557.46220"
"558.06411",0.00694799014189407,-0.0128048096438234,"558.06411"
"559.10076",0.0014243816163896,-0.0307644594799277,"559.10076"
"561.97735",0.0178615535575488,-0.0205460441369374,"561.97735"
"565.05211",0.0144633160539358,-0.0363088587106808,"565.05211"
"568.98818",0.0114238243432861,-0.0291791929821349,"568.98818"
"569.36000",0.0210912435056626,0.00922368777452963,"569.36000"
"571.30453",0.0215994108260233,-0.000947788293212699,"571.30453"
"572.48232",0.0239232403459419,0.0342598570144154,"572.48232"
"573.31536",0.0245896083050911,0.00308951529431036,"573.31536"
"573.49007",0.0211750646103116,0.0316724472827039,"573.49007"
"578.30928",0.030455700066562,-0.0269999042492635,"578.30928"
"580.30525",0.0153161200155824,0.0128785658328387,"580.30525"
"581.47009",0.0342799542619119,0.0370347802264238,"581.47009"
"583.48622",0.042290429873191,0.0497283987384751,"583.48622"
"589.32937",0.0158020359448111,0.00337524152454205,"589.32937"
"590.23502",0.00653477676428652,-0.0165145297535013,"590.23502"
"592.31436",0.0199197495933483,-0.0198296161202942,"592.31436"
"592.86823",0.0145111917749609,-0.00433516219840892,"592.86823"
"595.22594",-0.00765268679748493,0.000764567169127017,"595.22594"
"599.32883",0.0592265524598244,0.007255618660617,"599.32883"
"599.45379",0.0193485322159905,0.0272546819215875,"599.45379"
"599.92317",0.0162865160877307,-0.0434183049605996,"599.92317"
"601.14408",-0.00434651351084108,-0.019403786547053,"601.14408"
"602.14338",-0.0108177671892138,-0.0179369329208548,"602.14338"
"602.32754",0.0149576062436028,0.00362069797228507,"602.32754"
"605.46719",0.0348970863419698,0.0413510188124395,"605.46719"
"607.07739",0.00990999101820504,-0.0261035410351623,"607.07739"
"609.51452",0.0819923050430808,0.0814292001714315,"609.51452"
"611.52904",0.0691386175348434,0.0593746254088547,"611.52904"
"612.23029",-0.00746839529288672,-0.00600252686381569,"612.23029"
"613.08241",-0.000170584706317515,-0.0100673817967353,"613.08241"
"615.22613",-0.0118439226976365,-0.0040798582498988,"615.22613"
"619.29701",0.0262282994719161,0.000860164318845326,"619.29701"
"621.33088",0.0133682219112375,0.015480576463621,"621.33088"
"622.35960",0.00938664110199508,0.0237518905371724,"622.35960"
"623.37170",0.00872589126690622,0.0145831716594306,"623.37170"
"623.46795",0.029896932411721,0.0209279360233593,"623.46795"
"625.51639",0.026539227283027,0.0396830870769769,"625.51639"
"626.53658",0.0296930466380112,0.0117897413601298,"626.53658"
"627.48248",0.0730584791754003,0.0417327560673442,"627.48248"
"628.20172",0.00854789367089834,-0.0124416350476362,"628.20172"
"629.20320",0.00983141689524955,-0.0178441247610235,"629.20320"
"629.48699",0.0747713507124815,0.0687615424833733,"629.48699"
"630.48819",0.051069088398154,0.0382968439974638,"630.48819"
"631.19851",-0.0158163714871031,-0.0205736651636306,"631.19851"
"632.19592",-0.00241208233579229,0.0132272671027747,"632.19592"
"633.13028",-0.00117870789076103,-0.0382609153332676,"633.13028"
"633.38091",0.0122970730845148,0.00646548571699993,"633.38091"
"633.51323",0.0982069198551103,0.0600316575914475,"633.51323"
"635.37672",0.00878079771526456,0.02298870558159,"635.37672"
"635.53039",0.103407520540796,0.0843415444107426,"635.53039"
"636.53303",0.0808703112750182,0.0487627180416044,"636.53303"
"637.54256",0.0825793080924892,0.0605760955443172,"637.54256"
"639.55838",0.0383228983157672,0.0471363934425204,"639.55838"
"640.31075",0.019233900466936,-0.0233441459976214,"640.31075"
"641.09783",0.0123096776334812,-0.0125845998608845,"641.09783"
"641.49380",0.0260906061669356,0.0261796427459264,"641.49380"
"643.47932",0.0295309084407869,0.019754152568504,"643.47932"
"645.49404",0.0240435921092339,0.0160049268057828,"645.49404"
"648.38048",0.00535315810863597,-0.00175547308318717,"648.38048"
"649.10982",0.0176548825403441,-0.047677070070228,"649.10982"
"651.12186",0.00362258105941711,-0.0471279958008592,"651.12186"
"651.49041",0.0724547812756612,0.0178081907831557,"651.49041"
"652.24612",-0.00667543619824,-0.0360416578647565,"652.24612"
"653.24858",0.00107976229202342,-0.0168982773842535,"653.24858"
"653.49351",0.0792730367859791,0.0423913137364872,"653.49351"
"654.25875",-0.00445957467710771,-0.0123403032521416,"654.25875"
"655.21643",-0.00491302053316293,0.0113424562329959,"655.21643"
"655.50290",0.0922356477796138,0.0552157635766239,"655.50290"
"656.58043",0.0325994021960167,0.0319943130440793,"656.58043"
"661.53163",0.0555955553357583,0.0309140807195172,"661.53163"
"662.11596",0.013306493560759,-0.0515144885197172,"662.11596"
"663.11358",0.00849280830435976,-0.0296481631661075,"663.11358"
"663.52654",0.0312077630931588,0.00423416878823231,"663.52654"
"665.23110",-0.00654509613805378,-0.0263970483889602,"665.23110"
"665.50997",0.0413269473271514,0.0394811014524631,"665.50997"
"666.16163",0.00274588901972128,-0.0259574757416818,"666.16163"
"667.16320",-0.000338148340254134,-0.0213209271066158,"667.16320"
"668.15894",-0.0018088533955039,-0.0225258994084084,"668.15894"
"669.50211",0.0327062138342063,0.0252340137894033,"669.50211"
"670.17634",0.00244872844596561,-0.0207204004042718,"670.17634"
"670.48485",0.0211843677797941,0.0235169580599114,"670.48485"
"670.59474",0.0325412913954312,0.0226017643869672,"670.59474"
"671.07798",0.0054739731270267,-0.0370657396791927,"671.07798"
"671.48662",0.0260069627242079,0.0384017987541455,"671.48662"
"672.49974",0.0248722877819759,0.00740616929447035,"672.49974"
"673.09667",0.00340142446146421,-0.0328129965646235,"673.09667"
"673.48451",0.0408095359576354,0.0309709053160342,"673.48451"
"674.40205",0.0175614970242446,0.00584415982456363,"674.40205"
"675.15014",0.000658344127872072,-0.0136860624383581,"675.15014"
"675.22844",0.00369409509252171,-0.00874075222468535,"675.22844"
"678.51471",0.03870015567575,0.015511535179714,"678.51471"
"679.28496",0.0269336178652928,-0.0214467406989339,"679.28496"
"680.50607",0.0501631900139528,0.0201847181007521,"680.50607"
"680.58049",0.0250754146224832,0.0267608048210763,"680.58049"
"681.28212",0.00840118000308573,-0.0291380284910863,"681.28212"
"681.51658",0.0684717765088474,0.0303755159408524,"681.51658"
"682.26106",0.00598666030633118,-0.0133462719160538,"682.26106"
"682.59684",0.0442759519830263,0.0634909819129216,"682.59684"
"683.26949",-0.00544517329702372,-0.00959885812213637,"683.26949"
"684.53944",0.0480177699750239,0.0371611242744877,"684.53944"
"684.60960",0.0573729023098084,0.0593366333052143,"684.60960"
"685.54943",0.0567954680225227,0.03429977808182,"685.54943"
"686.14727",0.00678127818254282,-0.0304618267083681,"686.14727"
"687.06704",0.0092546060014477,-0.0536388967636224,"687.06704"
"687.16280",0.000666173174262643,0.000796725945404429,"687.16280"
"688.41153",0.00702186639950664,0.00239681407913211,"688.41153"
"689.06627",0.0137439023012585,-0.0402355100562504,"689.06627"
"689.42555",0.01264018699527,0.00380006574533961,"689.42555"
"689.51325",0.0239327243535763,0.017969500117221,"689.51325"
"691.20790",0.00280359625624707,-0.0213594880788164,"691.20790"
"691.47620",0.0174370971407269,0.0167096751519216,"691.47620"
"691.52367",0.0232869746759754,0.0155234864884136,"691.52367"
"692.20923",0.00373929814157344,-0.00483518573579936,"692.20923"
"693.46557",0.0228498169443353,0.0127320062080816,"693.46557"
"695.48115",0.0435059103104156,0.0174298746981913,"695.48115"
"697.49358",0.0266776163775787,0.0103171463686213,"697.49358"
"699.48108",0.0655420212443606,0.000749900096646972,"699.48108"
"700.50013",0.046861229646691,-0.00594667627519598,"700.50013"
"701.20007",0.00155725121552285,-0.00531481382782951,"701.20007"
"701.26650",0.00206945617450931,0.00266504250169104,"701.26650"
"702.27078",0.00751691377789764,-0.00385654432772763,"702.27078"
"702.50530",0.0638508474681888,0.0182253009280984,"702.50530"
"703.50439",0.0670768321108081,0.0199254518116218,"703.50439"
"705.50931",0.0642410068643947,0.0206260547850871,"705.50931"
"707.53461",0.045008110381103,0.0219454906819662,"707.53461"
"708.14881",-0.00691470198486818,-0.0131694333860254,"708.14881"
"709.54177",0.046203960157626,0.0178642839918831,"709.54177"
"711.48359",0.0221656829854902,0.00934505282636435,"711.48359"
"713.17939",0.00634139925126151,-4.12724429586546e-05,"713.17939"
"713.51549",0.0288282422740878,0.018334284918792,"713.51549"
"714.51493",0.0729876928188047,0.00264903254405934,"714.51493"
"716.52642",0.0392992472965673,0.0168642569705442,"716.52642"
"717.24050",0.0220999339544804,-0.0158183592879071,"717.24050"
"717.47152",0.0238346873653299,0.0160980997530265,"717.47152"
"718.24478",0.00611334333068434,-0.00946441064989368,"718.24478"
"718.47400",0.0127590274380419,-0.00742383508445478,"718.47400"
"719.24053",0.000769835446985338,-0.0051108738414467,"719.24053"
"719.48235",0.0166999771313263,0.0107691573597227,"719.48235"
"723.31450",0.00159830975953264,-0.0163380888936645,"723.31450"
"723.98869",0.0245363612394394,-0.00924152630263588,"723.98869"
"724.10067",0.000869363700084704,-0.0305014244945246,"724.10067"
"724.49645",0.0310618929741947,0.0104292599425818,"724.49645"
"725.49361",0.0304692849081609,0.0280742552702589,"725.49361"
"726.28489",0.00267904891040533,-0.0270397205726566,"726.28489"
"727.02298",0.00741128467580787,-0.0325898176500681,"727.02298"
"727.51047",0.038332538874684,-0.000121513183771984,"727.51047"
"728.45742",0.0111622783651884,0.0124756409910176,"728.45742"
"729.17032",-0.00307633514472933,-0.00398820186249004,"729.17032"
"729.28037",0.0039857949596242,-0.00823354442317709,"729.28037"
"730.15754",-0.00332054159763161,-0.00178323246766412,"730.15754"
"730.29718",-0.00349226383224191,-0.00440121853924269,"730.29718"
"730.51815",0.0156469629580014,0.0251700071556219,"730.51815"
"731.53502",0.0245854725260054,-0.0033700507714121,"731.53502"
"733.47411",0.0124806145091234,0.0248844993284934,"733.47411"
"733.55315",0.0319443329327126,0.0176069863735983,"733.55315"
"737.33839",0.00316240976314687,-0.0158451322286287,"737.33839"
"738.51239",0.103506941093852,-0.00956684510586439,"738.51239"
"738.66713",0.0429316701931092,0.00840252031906334,"738.66713"
"739.29325",0.0246914079095668,-0.00250396776118622,"739.29325"
"740.21859",0.00584474211319763,0.00497523180898099,"740.21859"
"740.52184",0.0659724388753496,-0.00870404002960157,"740.52184"
"742.53727",0.048993101185106,-0.0323167721982673,"742.53727"
"743.54642",0.0479614896378532,0.00430155336561875,"743.54642"
"745.50641",0.0408545835757091,0.0228767387499372,"745.50641"
"747.52206",0.0661407022120078,0.00914103275399454,"747.52206"
"748.16288",-0.00492077669493886,-0.0149387228344526,"748.16288"
"748.25621",0.00330002974758675,-0.01142015728596,"748.25621"
"749.52052",0.0224034836864492,-0.00918038008878882,"749.52052"
"750.53849",0.0043621625281732,0.000874386919400945,"750.53849"
"751.55860",0.00794240719431988,-0.0150193616653531,"751.55860"
"752.52937",0.0447095686057584,-0.00111846187067202,"752.52937"
"753.53070",0.0435976865430495,0.00159384198245708,"753.53070"
"755.52728",0.0328860452840731,0.0161240129797067,"755.52728"
"760.49874",0.0329983407006036,0.0185060933011379,"760.49874"
"761.50432",0.0232175263560298,-0.00324456723879288,"761.50432"
"762.51405",0.125364056042889,0.00452325385919636,"762.51405"
"763.21143",-0.00642927311096364,-0.0287929246635476,"763.21143"
"764.37337",-0.0198226159418462,-0.0113758148458606,"764.37337"
"764.52578",0.110778281191561,-0.00666169097139666,"764.52578"
"765.13053",-0.00255361825758681,-0.0208773413106923,"765.13053"
"765.37779",-0.00890606274759694,0.00545366736538831,"765.37779"
"766.54384",0.120229971310714,0.0299964190908367,"766.54384"
"767.54382",0.10141845693142,0.00672785049094231,"767.54382"
"769.32196",0.00103225372700926,-0.0219096223935277,"769.32196"
"769.56295",0.0405825582430879,-0.001598713921046,"769.56295"
"775.53683",0.0202114467949955,0.0173539404320923,"775.53683"
"776.54624",0.0434769553754881,-0.00320528095654574,"776.54624"
"779.54476",0.0194698136202193,0.0131759950861224,"779.54476"
"782.51608",0.0303417737073887,0.0050733464452912,"782.51608"
"790.54346",0.0980959723218241,0.0266398975160501,"790.54346"
"791.17308",0.00333862332706418,-0.0129844753108782,"791.17308"
"792.54305",0.0701526449001083,-0.0023559934394454,"792.54305"
"794.54400",0.0591589601948053,0.0143133796990311,"794.54400"
"796.53231",0.0349542398011064,0.0140184162715193,"796.53231"
"797.54582",0.0301444579395154,0.0157447573554458,"797.54582"
"798.54245",0.0198622246860791,0.02942674356921,"798.54245"
"799.22997",0.00787806655139606,-0.0101801853168502,"799.22997"
"799.54221",0.0136651573218292,0.0143500626507385,"799.54221"
"802.54829",0.00314178697561283,0.00581480878157874,"802.54829"
"803.54906",0.0262506334427676,0.00634618758899551,"803.54906"
"804.53665",0.0245958492662653,-0.00398746520107382,"804.53665"
"805.58260",0.0193153655876466,-0.0115378740262273,"805.58260"
"806.52693",0.0222057501787844,0.0259483116268778,"806.52693"
"807.27908",0.0027401682899807,-0.0242950618425718,"807.27908"
"807.51206",0.0236004824153554,0.0121867882452893,"807.51206"
"808.52691",0.0321982139020153,0.0127656336838799,"808.52691"
"809.52380",0.0131013875212654,0.00257888126060602,"809.52380"
"811.37495",0.00843597537792841,-0.0159302651569352,"811.37495"
"813.51669",0.029548783610929,-0.00643473552653604,"813.51669"
"814.51712",0.0396869045062664,0.0247343399919318,"814.51712"
"815.21881",0.0154998567871355,-0.0208222112583577,"815.21881"
"819.54236",0.0572572393018017,-0.00640516456222052,"819.54236"
"821.56261",0.0454583858669264,-0.00776266397914612,"821.56261"
"822.56590",0.0420447025499626,0.0025483861042613,"822.56590"
"823.56414",0.0324421048906484,-0.00794142890468136,"823.56414"
"826.56930",0.0343174340638777,0.0128769348511046,"826.56930"
"827.13855",0.0078082568333057,-0.0224782076953686,"827.13855"
"827.54217",0.0249302113028719,-0.00118038746883524,"827.54217"
"828.57382",0.0275501466810123,-0.0144358474225969,"828.57382"
"829.58228",0.0157652316406752,0.000185507304161134,"829.58228"
"830.51679",0.0298854980728712,0.0228549965180616,"830.51679"
"830.59880",0.0249161819477023,0.00442111622541559,"830.59880"
"833.51672",0.0336248609190096,-0.0049273427639548,"833.51672"
"834.53263",0.0713671112307288,0.0084307047402736,"834.53263"
"836.45609",0.0235221574020674,-0.0241777078430838,"836.45609"
"837.20979",0.00200160139746713,-0.0123800311458826,"837.20979"
"839.52911",0.0167456238112738,0.00956958005196354,"839.52911"
"843.53677",0.0608953189662545,0.0148438991461488,"843.53677"
"846.56509",0.0598171886406643,0.0145021661562854,"846.56509"
"847.55953",0.0532956584011831,0.00331715697695154,"847.55953"
"848.49220",0.0150507374891123,-0.00853977215741116,"848.49220"
"849.49233",0.0221091750560823,-0.00513723138326979,"849.49233"
"852.55975",0.032990624572429,-0.00175154585881044,"852.55975"
"853.58378",0.0172103344809464,0.0136914286502205,"853.58378"
"854.60637",0.03832117259206,-0.00959139466514818,"854.60637"
"855.60261",0.0150040104657593,0.0126020591311532,"855.60261"
"856.55620",0.0307915782947627,-0.00924605802770995,"856.55620"
"857.52563",0.0759280986892904,0.0262921434800227,"857.52563"
"859.52898",0.0356848179746438,-0.00213717417472188,"859.52898"
"860.55901",0.0134671771171489,-0.0111434124873543,"860.55901"
"861.35608",0.00465338268533317,-0.0156859315211714,"861.35608"
"861.54006",0.0411600126603756,-0.0156788197598579,"861.54006"
"862.35809",-0.00336812760441848,-0.0121690558383416,"862.35809"
"863.53334",0.0209471730549515,-0.00144783410890822,"863.53334"
"865.51216",0.0749279275843198,-0.00183272461212911,"865.51216"
"866.51847",0.0537116863798506,-0.000484716326671508,"866.51847"
"867.52505",0.0350659446957267,-0.0118136665003967,"867.52505"
"871.57649",0.0529377449892182,0.00943130296719945,"871.57649"
"872.57816",0.0382245398980376,0.000773112459257616,"872.57816"
"874.49085",0.0162625566826502,0.0158559461157849,"874.49085"
"874.61037",0.0303017632071312,0.00139581108512065,"874.61037"
"878.55311",0.0291105075508671,0.00132068982639989,"878.55311"
"879.53641",0.0339617204098265,-0.0163243926094491,"879.53641"
"880.56876",0.0158131373804799,-0.00429343930058545,"880.56876"
"881.54779",0.0463673421440304,0.00311717519097956,"881.54779"
"883.33671",0.00925433897905471,-0.000246226424364273,"883.33671"
"884.55033",0.0570211462052468,0.00187707895139972,"884.55033"
"885.55754",0.119405062831827,0.0369882252298933,"885.55754"
"886.55797",0.108028689424393,0.0169925569070496,"886.55797"
"890.54481",0.0247397549642041,0.00285532980346552,"890.54481"
"892.47366",0.0136761501689652,-0.00303462718569213,"892.47366"
"892.58199",0.0285157826827404,0.00316733592906068,"892.58199"
"894.58657",0.0634228967625431,-0.00768606338675969,"894.58657"
"895.59559",0.0468096921845569,0.00519987166187,"895.59559"
"895.74899",0.0646959606672432,0.0137295277969335,"895.74899"
"896.38695",-0.000908608703279218,-0.0123716982745313,"896.38695"
"897.61952",0.0166557538819565,-0.00559823909775665,"897.61952"
"897.76881",0.0501867426970424,0.0368209485742116,"897.76881"
"899.31531",0.00856378769791077,-0.0293745142330776,"899.31531"
"900.32036",0.00112795422656048,-0.0221622298992111,"900.32036"
"900.52398",0.0231666114357623,-0.00286931942579988,"900.52398"
"901.32998",0.00355650525064383,-0.0102164727325287,"901.32998"
"901.56228",0.0241448716592846,0.000591117326653822,"901.56228"
"902.53074",0.0417430372234375,0.0122171778734045,"902.53074"
"904.54694",0.0326348463345899,-0.00211594785808751,"904.54694"
"906.57368",0.0515248211935267,-0.0058215276454914,"906.57368"
"907.56862",0.0449593085750249,0.0100002167206513,"907.56862"
"908.58397",0.0220535665939596,0.00188625087722619,"908.58397"
"909.56312",0.0503364118738101,0.0150274321266801,"909.56312"
"910.55344",0.0475809010340319,-0.0100431787277777,"910.55344"
"911.56848",0.0642595865251501,-0.00954413394591181,"911.56848"
"912.57728",0.039630541106961,0.0052168198968942,"912.57728"
"913.58458",0.0262811894470463,0.00328404809360298,"913.58458"
"914.56951",0.0217989867050558,0.00984584962325617,"914.56951"
"917.53257",0.0121775391653141,0.0118048877563673,"917.53257"
"919.58212",0.040470917879205,0.00262997388437455,"919.58212"
"919.74551",0.0600473686388811,0.0100624181027949,"919.74551"
"920.60102",0.0467862732014333,-0.0177234726167006,"920.60102"
"921.76659",0.056792399483475,0.0299865534462462,"921.76659"
"922.60916",0.0486328866033873,-0.00736805323940433,"922.60916"
"923.62474",0.0251779826775885,-0.00882303223568113,"923.62474"
"923.77718",0.0560982435760572,0.0259711836802519,"923.77718"
"924.60310",0.0235973907639735,0.00561129126637551,"924.60310"
"925.54071",0.00434665875860464,-0.0214476310390476,"925.54071"
"926.60642",0.0201504885312663,0.0220322769161936,"926.60642"
"927.62343",0.0316610478230382,-0.0173692945626091,"927.62343"
"928.58529",0.0231101528154346,-0.000255519137536225,"928.58529"
"929.56068",0.0312393003236095,-0.00593688867299167,"929.56068"
"931.55973",0.0255070982470032,-0.00679521047764123,"931.55973"
"933.61578",0.0393392999305812,-0.00419848831318174,"933.61578"
"934.57369",0.0175803660703074,-0.00638932300790103,"934.57369"
"937.26500",0.00683198199041085,-0.00140923372136589,"937.26500"
"944.57408",0.0714541349312357,0.0012064748166818,"944.57408"
"945.75399",0.049479230601174,-4.0696261628368e-05,"945.75399"
"947.61492",0.07133380724186,-0.0080734592099849,"947.61492"
"947.77786",0.037373832806041,0.0115354681870964,"947.77786"
"949.53780",0.0137939739281972,0.010755596927777,"949.53780"
"952.58926",0.0159855024595797,-0.0122257398383448,"952.58926"
"956.58669",0.0206161877513324,-0.00102693507042454,"956.58669"
"957.59526",0.0260351262876899,0.00559944669129862,"957.59526"
"958.60543",0.0288396429212138,-0.00159595791601009,"958.60543"
"959.49265",0.0351414239920137,-0.0149062605396402,"959.49265"
"961.48371",0.0172737199264302,-0.0140576754755017,"961.48371"
"965.54183",0.0158992208936383,-0.000743144997292555,"965.54183"
"972.61592",0.0388478010155416,-0.0208789567049865,"972.61592"
"974.60019",0.0128282974261281,0.00520568292257004,"974.60019"
"981.54583",0.0103887847547217,0.0095898885708627,"981.54583"
"998.59900",0.0215522503015643,-0.00146914529823739,"998.59900"
"1021.48436",0.0280119620655145,-0.0135276841686898,"1021.48436"
"1036.79940",0.0425226929841435,0.0227090393551797,"1036.79940"
"1065.85148",0.0221569828861336,0.000641738171242283,"1065.85148"
"1074.54343",0.0125741824997977,-0.0133333199663818,"1074.54343"
"1088.63955",0.0163271802907712,-0.0186433591403798,"1088.63955"
"1112.53073",0.0240700262524385,-0.0104487419576876,"1112.53073"
"1149.50041",0.00103783262191174,-0.0223665834646764,"1149.50041"
